/*M!999999\- enable the sandbox mode */ 
-- MariaDB dump 10.19-11.8.2-MariaDB, for Linux (x86_64)
--
-- Host: localhost    Database: sacred_groves_db
-- ------------------------------------------------------
-- Server version	11.8.2-MariaDB

/*!40101 SET @OLD_CHARACTER_SET_CLIENT=@@CHARACTER_SET_CLIENT */;
/*!40101 SET @OLD_CHARACTER_SET_RESULTS=@@CHARACTER_SET_RESULTS */;
/*!40101 SET @OLD_COLLATION_CONNECTION=@@COLLATION_CONNECTION */;
/*!40101 SET NAMES utf8mb4 */;
/*!40103 SET @OLD_TIME_ZONE=@@TIME_ZONE */;
/*!40103 SET TIME_ZONE='+00:00' */;
/*!40014 SET @OLD_UNIQUE_CHECKS=@@UNIQUE_CHECKS, UNIQUE_CHECKS=0 */;
/*!40014 SET @OLD_FOREIGN_KEY_CHECKS=@@FOREIGN_KEY_CHECKS, FOREIGN_KEY_CHECKS=0 */;
/*!40101 SET @OLD_SQL_MODE=@@SQL_MODE, SQL_MODE='NO_AUTO_VALUE_ON_ZERO' */;
/*M!100616 SET @OLD_NOTE_VERBOSITY=@@NOTE_VERBOSITY, NOTE_VERBOSITY=0 */;

--
-- Table structure for table `auth_group`
--

DROP TABLE IF EXISTS `auth_group`;
/*!40101 SET @saved_cs_client     = @@character_set_client */;
/*!40101 SET character_set_client = utf8mb4 */;
CREATE TABLE `auth_group` (
  `id` int(11) NOT NULL AUTO_INCREMENT,
  `name` varchar(150) NOT NULL,
  PRIMARY KEY (`id`),
  UNIQUE KEY `name` (`name`)
) ENGINE=InnoDB DEFAULT CHARSET=utf8mb4 COLLATE=utf8mb4_unicode_ci;
/*!40101 SET character_set_client = @saved_cs_client */;

--
-- Dumping data for table `auth_group`
--

LOCK TABLES `auth_group` WRITE;
/*!40000 ALTER TABLE `auth_group` DISABLE KEYS */;
set autocommit=0;
/*!40000 ALTER TABLE `auth_group` ENABLE KEYS */;
UNLOCK TABLES;
commit;

--
-- Table structure for table `auth_group_permissions`
--

DROP TABLE IF EXISTS `auth_group_permissions`;
/*!40101 SET @saved_cs_client     = @@character_set_client */;
/*!40101 SET character_set_client = utf8mb4 */;
CREATE TABLE `auth_group_permissions` (
  `id` bigint(20) NOT NULL AUTO_INCREMENT,
  `group_id` int(11) NOT NULL,
  `permission_id` int(11) NOT NULL,
  PRIMARY KEY (`id`),
  UNIQUE KEY `auth_group_permissions_group_id_permission_id_0cd325b0_uniq` (`group_id`,`permission_id`),
  KEY `auth_group_permissio_permission_id_84c5c92e_fk_auth_perm` (`permission_id`),
  CONSTRAINT `auth_group_permissio_permission_id_84c5c92e_fk_auth_perm` FOREIGN KEY (`permission_id`) REFERENCES `auth_permission` (`id`),
  CONSTRAINT `auth_group_permissions_group_id_b120cbf9_fk_auth_group_id` FOREIGN KEY (`group_id`) REFERENCES `auth_group` (`id`)
) ENGINE=InnoDB DEFAULT CHARSET=utf8mb4 COLLATE=utf8mb4_unicode_ci;
/*!40101 SET character_set_client = @saved_cs_client */;

--
-- Dumping data for table `auth_group_permissions`
--

LOCK TABLES `auth_group_permissions` WRITE;
/*!40000 ALTER TABLE `auth_group_permissions` DISABLE KEYS */;
set autocommit=0;
/*!40000 ALTER TABLE `auth_group_permissions` ENABLE KEYS */;
UNLOCK TABLES;
commit;

--
-- Table structure for table `auth_permission`
--

DROP TABLE IF EXISTS `auth_permission`;
/*!40101 SET @saved_cs_client     = @@character_set_client */;
/*!40101 SET character_set_client = utf8mb4 */;
CREATE TABLE `auth_permission` (
  `id` int(11) NOT NULL AUTO_INCREMENT,
  `name` varchar(255) NOT NULL,
  `content_type_id` int(11) NOT NULL,
  `codename` varchar(100) NOT NULL,
  PRIMARY KEY (`id`),
  UNIQUE KEY `auth_permission_content_type_id_codename_01ab375a_uniq` (`content_type_id`,`codename`),
  CONSTRAINT `auth_permission_content_type_id_2f476e4b_fk_django_co` FOREIGN KEY (`content_type_id`) REFERENCES `django_content_type` (`id`)
) ENGINE=InnoDB AUTO_INCREMENT=33 DEFAULT CHARSET=utf8mb4 COLLATE=utf8mb4_unicode_ci;
/*!40101 SET character_set_client = @saved_cs_client */;

--
-- Dumping data for table `auth_permission`
--

LOCK TABLES `auth_permission` WRITE;
/*!40000 ALTER TABLE `auth_permission` DISABLE KEYS */;
set autocommit=0;
INSERT INTO `auth_permission` VALUES
(1,'Can add log entry',1,'add_logentry'),
(2,'Can change log entry',1,'change_logentry'),
(3,'Can delete log entry',1,'delete_logentry'),
(4,'Can view log entry',1,'view_logentry'),
(5,'Can add permission',2,'add_permission'),
(6,'Can change permission',2,'change_permission'),
(7,'Can delete permission',2,'delete_permission'),
(8,'Can view permission',2,'view_permission'),
(9,'Can add group',3,'add_group'),
(10,'Can change group',3,'change_group'),
(11,'Can delete group',3,'delete_group'),
(12,'Can view group',3,'view_group'),
(13,'Can add user',4,'add_user'),
(14,'Can change user',4,'change_user'),
(15,'Can delete user',4,'delete_user'),
(16,'Can view user',4,'view_user'),
(17,'Can add content type',5,'add_contenttype'),
(18,'Can change content type',5,'change_contenttype'),
(19,'Can delete content type',5,'delete_contenttype'),
(20,'Can view content type',5,'view_contenttype'),
(21,'Can add session',6,'add_session'),
(22,'Can change session',6,'change_session'),
(23,'Can delete session',6,'delete_session'),
(24,'Can view session',6,'view_session'),
(25,'Can add sacred grove',7,'add_sacredgrove'),
(26,'Can change sacred grove',7,'change_sacredgrove'),
(27,'Can delete sacred grove',7,'delete_sacredgrove'),
(28,'Can view sacred grove',7,'view_sacredgrove'),
(29,'Can add pending sacred grove',8,'add_pendingsacredgrove'),
(30,'Can change pending sacred grove',8,'change_pendingsacredgrove'),
(31,'Can delete pending sacred grove',8,'delete_pendingsacredgrove'),
(32,'Can view pending sacred grove',8,'view_pendingsacredgrove');
/*!40000 ALTER TABLE `auth_permission` ENABLE KEYS */;
UNLOCK TABLES;
commit;

--
-- Table structure for table `auth_user`
--

DROP TABLE IF EXISTS `auth_user`;
/*!40101 SET @saved_cs_client     = @@character_set_client */;
/*!40101 SET character_set_client = utf8mb4 */;
CREATE TABLE `auth_user` (
  `id` int(11) NOT NULL AUTO_INCREMENT,
  `password` varchar(128) NOT NULL,
  `last_login` datetime(6) DEFAULT NULL,
  `is_superuser` tinyint(1) NOT NULL,
  `username` varchar(150) NOT NULL,
  `first_name` varchar(150) NOT NULL,
  `last_name` varchar(150) NOT NULL,
  `email` varchar(254) NOT NULL,
  `is_staff` tinyint(1) NOT NULL,
  `is_active` tinyint(1) NOT NULL,
  `date_joined` datetime(6) NOT NULL,
  PRIMARY KEY (`id`),
  UNIQUE KEY `username` (`username`)
) ENGINE=InnoDB AUTO_INCREMENT=2 DEFAULT CHARSET=utf8mb4 COLLATE=utf8mb4_unicode_ci;
/*!40101 SET character_set_client = @saved_cs_client */;

--
-- Dumping data for table `auth_user`
--

LOCK TABLES `auth_user` WRITE;
/*!40000 ALTER TABLE `auth_user` DISABLE KEYS */;
set autocommit=0;
INSERT INTO `auth_user` VALUES
(1,'pbkdf2_sha256$870000$iJNpIKJbuEwtIp8NuPeU83$WEEJnCTQQ/UIn16gY0XkFWquQ5vK41uSEGN45HE26H8=','2025-05-06 05:48:09.210322',1,'saurav_kumar','','','kumarsaurav@gmail.com',1,1,'2025-03-18 06:23:56.498820');
/*!40000 ALTER TABLE `auth_user` ENABLE KEYS */;
UNLOCK TABLES;
commit;

--
-- Table structure for table `auth_user_groups`
--

DROP TABLE IF EXISTS `auth_user_groups`;
/*!40101 SET @saved_cs_client     = @@character_set_client */;
/*!40101 SET character_set_client = utf8mb4 */;
CREATE TABLE `auth_user_groups` (
  `id` bigint(20) NOT NULL AUTO_INCREMENT,
  `user_id` int(11) NOT NULL,
  `group_id` int(11) NOT NULL,
  PRIMARY KEY (`id`),
  UNIQUE KEY `auth_user_groups_user_id_group_id_94350c0c_uniq` (`user_id`,`group_id`),
  KEY `auth_user_groups_group_id_97559544_fk_auth_group_id` (`group_id`),
  CONSTRAINT `auth_user_groups_group_id_97559544_fk_auth_group_id` FOREIGN KEY (`group_id`) REFERENCES `auth_group` (`id`),
  CONSTRAINT `auth_user_groups_user_id_6a12ed8b_fk_auth_user_id` FOREIGN KEY (`user_id`) REFERENCES `auth_user` (`id`)
) ENGINE=InnoDB DEFAULT CHARSET=utf8mb4 COLLATE=utf8mb4_unicode_ci;
/*!40101 SET character_set_client = @saved_cs_client */;

--
-- Dumping data for table `auth_user_groups`
--

LOCK TABLES `auth_user_groups` WRITE;
/*!40000 ALTER TABLE `auth_user_groups` DISABLE KEYS */;
set autocommit=0;
/*!40000 ALTER TABLE `auth_user_groups` ENABLE KEYS */;
UNLOCK TABLES;
commit;

--
-- Table structure for table `auth_user_user_permissions`
--

DROP TABLE IF EXISTS `auth_user_user_permissions`;
/*!40101 SET @saved_cs_client     = @@character_set_client */;
/*!40101 SET character_set_client = utf8mb4 */;
CREATE TABLE `auth_user_user_permissions` (
  `id` bigint(20) NOT NULL AUTO_INCREMENT,
  `user_id` int(11) NOT NULL,
  `permission_id` int(11) NOT NULL,
  PRIMARY KEY (`id`),
  UNIQUE KEY `auth_user_user_permissions_user_id_permission_id_14a6b632_uniq` (`user_id`,`permission_id`),
  KEY `auth_user_user_permi_permission_id_1fbb5f2c_fk_auth_perm` (`permission_id`),
  CONSTRAINT `auth_user_user_permi_permission_id_1fbb5f2c_fk_auth_perm` FOREIGN KEY (`permission_id`) REFERENCES `auth_permission` (`id`),
  CONSTRAINT `auth_user_user_permissions_user_id_a95ead1b_fk_auth_user_id` FOREIGN KEY (`user_id`) REFERENCES `auth_user` (`id`)
) ENGINE=InnoDB DEFAULT CHARSET=utf8mb4 COLLATE=utf8mb4_unicode_ci;
/*!40101 SET character_set_client = @saved_cs_client */;

--
-- Dumping data for table `auth_user_user_permissions`
--

LOCK TABLES `auth_user_user_permissions` WRITE;
/*!40000 ALTER TABLE `auth_user_user_permissions` DISABLE KEYS */;
set autocommit=0;
/*!40000 ALTER TABLE `auth_user_user_permissions` ENABLE KEYS */;
UNLOCK TABLES;
commit;

--
-- Table structure for table `django_admin_log`
--

DROP TABLE IF EXISTS `django_admin_log`;
/*!40101 SET @saved_cs_client     = @@character_set_client */;
/*!40101 SET character_set_client = utf8mb4 */;
CREATE TABLE `django_admin_log` (
  `id` int(11) NOT NULL AUTO_INCREMENT,
  `action_time` datetime(6) NOT NULL,
  `object_id` longtext DEFAULT NULL,
  `object_repr` varchar(200) NOT NULL,
  `action_flag` smallint(5) unsigned NOT NULL CHECK (`action_flag` >= 0),
  `change_message` longtext NOT NULL,
  `content_type_id` int(11) DEFAULT NULL,
  `user_id` int(11) NOT NULL,
  PRIMARY KEY (`id`),
  KEY `django_admin_log_content_type_id_c4bce8eb_fk_django_co` (`content_type_id`),
  KEY `django_admin_log_user_id_c564eba6_fk_auth_user_id` (`user_id`),
  CONSTRAINT `django_admin_log_content_type_id_c4bce8eb_fk_django_co` FOREIGN KEY (`content_type_id`) REFERENCES `django_content_type` (`id`),
  CONSTRAINT `django_admin_log_user_id_c564eba6_fk_auth_user_id` FOREIGN KEY (`user_id`) REFERENCES `auth_user` (`id`)
) ENGINE=InnoDB AUTO_INCREMENT=2 DEFAULT CHARSET=utf8mb4 COLLATE=utf8mb4_unicode_ci;
/*!40101 SET character_set_client = @saved_cs_client */;

--
-- Dumping data for table `django_admin_log`
--

LOCK TABLES `django_admin_log` WRITE;
/*!40000 ALTER TABLE `django_admin_log` DISABLE KEYS */;
set autocommit=0;
INSERT INTO `django_admin_log` VALUES
(1,'2025-04-03 16:03:15.947985','1','Example Grove',3,'',7,1);
/*!40000 ALTER TABLE `django_admin_log` ENABLE KEYS */;
UNLOCK TABLES;
commit;

--
-- Table structure for table `django_content_type`
--

DROP TABLE IF EXISTS `django_content_type`;
/*!40101 SET @saved_cs_client     = @@character_set_client */;
/*!40101 SET character_set_client = utf8mb4 */;
CREATE TABLE `django_content_type` (
  `id` int(11) NOT NULL AUTO_INCREMENT,
  `app_label` varchar(100) NOT NULL,
  `model` varchar(100) NOT NULL,
  PRIMARY KEY (`id`),
  UNIQUE KEY `django_content_type_app_label_model_76bd3d3b_uniq` (`app_label`,`model`)
) ENGINE=InnoDB AUTO_INCREMENT=9 DEFAULT CHARSET=utf8mb4 COLLATE=utf8mb4_unicode_ci;
/*!40101 SET character_set_client = @saved_cs_client */;

--
-- Dumping data for table `django_content_type`
--

LOCK TABLES `django_content_type` WRITE;
/*!40000 ALTER TABLE `django_content_type` DISABLE KEYS */;
set autocommit=0;
INSERT INTO `django_content_type` VALUES
(1,'admin','logentry'),
(3,'auth','group'),
(2,'auth','permission'),
(4,'auth','user'),
(5,'contenttypes','contenttype'),
(6,'sessions','session'),
(8,'sg_app','pendingsacredgrove'),
(7,'sg_app','sacredgrove');
/*!40000 ALTER TABLE `django_content_type` ENABLE KEYS */;
UNLOCK TABLES;
commit;

--
-- Table structure for table `django_migrations`
--

DROP TABLE IF EXISTS `django_migrations`;
/*!40101 SET @saved_cs_client     = @@character_set_client */;
/*!40101 SET character_set_client = utf8mb4 */;
CREATE TABLE `django_migrations` (
  `id` bigint(20) NOT NULL AUTO_INCREMENT,
  `app` varchar(255) NOT NULL,
  `name` varchar(255) NOT NULL,
  `applied` datetime(6) NOT NULL,
  PRIMARY KEY (`id`)
) ENGINE=InnoDB AUTO_INCREMENT=26 DEFAULT CHARSET=utf8mb4 COLLATE=utf8mb4_unicode_ci;
/*!40101 SET character_set_client = @saved_cs_client */;

--
-- Dumping data for table `django_migrations`
--

LOCK TABLES `django_migrations` WRITE;
/*!40000 ALTER TABLE `django_migrations` DISABLE KEYS */;
set autocommit=0;
INSERT INTO `django_migrations` VALUES
(1,'contenttypes','0001_initial','2025-03-18 06:13:29.020139'),
(2,'auth','0001_initial','2025-03-18 06:13:29.411687'),
(3,'admin','0001_initial','2025-03-18 06:13:29.498213'),
(4,'admin','0002_logentry_remove_auto_add','2025-03-18 06:13:29.512696'),
(5,'admin','0003_logentry_add_action_flag_choices','2025-03-18 06:13:29.520275'),
(6,'contenttypes','0002_remove_content_type_name','2025-03-18 06:13:29.582013'),
(7,'auth','0002_alter_permission_name_max_length','2025-03-18 06:13:29.621744'),
(8,'auth','0003_alter_user_email_max_length','2025-03-18 06:13:29.641960'),
(9,'auth','0004_alter_user_username_opts','2025-03-18 06:13:29.646575'),
(10,'auth','0005_alter_user_last_login_null','2025-03-18 06:13:29.680409'),
(11,'auth','0006_require_contenttypes_0002','2025-03-18 06:13:29.681832'),
(12,'auth','0007_alter_validators_add_error_messages','2025-03-18 06:13:29.688075'),
(13,'auth','0008_alter_user_username_max_length','2025-03-18 06:13:29.710626'),
(14,'auth','0009_alter_user_last_name_max_length','2025-03-18 06:13:29.734605'),
(15,'auth','0010_alter_group_name_max_length','2025-03-18 06:13:29.758050'),
(16,'auth','0011_update_proxy_permissions','2025-03-18 06:13:29.766210'),
(17,'auth','0012_alter_user_first_name_max_length','2025-03-18 06:13:29.788927'),
(18,'sessions','0001_initial','2025-03-18 06:13:29.826352'),
(21,'sg_app','0001_initial','2025-04-14 16:41:11.842920'),
(22,'sg_app','0002_alter_sacredgrove_area_coverage_and_more','2025-04-14 16:41:11.898913'),
(23,'sg_app','0003_sacredgrove_altitude_sacredgrove_district','2025-04-14 16:41:11.954529'),
(24,'sg_app','0004_pendingsacredgrove','2025-04-20 09:32:02.497179'),
(25,'sg_app','0005_alter_sacredgrove_district','2025-05-06 16:20:43.288712');
/*!40000 ALTER TABLE `django_migrations` ENABLE KEYS */;
UNLOCK TABLES;
commit;

--
-- Table structure for table `django_session`
--

DROP TABLE IF EXISTS `django_session`;
/*!40101 SET @saved_cs_client     = @@character_set_client */;
/*!40101 SET character_set_client = utf8mb4 */;
CREATE TABLE `django_session` (
  `session_key` varchar(40) NOT NULL,
  `session_data` longtext NOT NULL,
  `expire_date` datetime(6) NOT NULL,
  PRIMARY KEY (`session_key`),
  KEY `django_session_expire_date_a5c62663` (`expire_date`)
) ENGINE=InnoDB DEFAULT CHARSET=utf8mb4 COLLATE=utf8mb4_unicode_ci;
/*!40101 SET character_set_client = @saved_cs_client */;

--
-- Dumping data for table `django_session`
--

LOCK TABLES `django_session` WRITE;
/*!40000 ALTER TABLE `django_session` DISABLE KEYS */;
set autocommit=0;
INSERT INTO `django_session` VALUES
('bbjadigllketoi49e399zbb5dbu8x461','.eJxVjDsOwjAQBe_iGllrbxyvKek5g7X-4QCypXwqxN0hUgpo38y8l_C8rdVvS579lMRZKHH63QLHR247SHduty5jb-s8Bbkr8qCLvPaUn5fD_TuovNRvPUYyo2XUOoEJGWkYSAEqg1RKAULArBVpcrawgzQAMoB1nNm5YKN4fwCsRDaz:1tuQNP:BOOuKPOwSuz4tIWQpH_4wK411a0sOnJkHyaj9qKEhBE','2025-04-01 06:24:35.711666'),
('fflvjrx65zw0xo8eovamd23z0tcuvv22','.eJxVjDsOwjAQBe_iGllrbxyvKek5g7X-4QCypXwqxN0hUgpo38y8l_C8rdVvS579lMRZKHH63QLHR247SHduty5jb-s8Bbkr8qCLvPaUn5fD_TuovNRvPUYyo2XUOoEJGWkYSAEqg1RKAULArBVpcrawgzQAMoB1nNm5YKN4fwCsRDaz:1u0N10:dsAavgYV6N0q2mhmlHxOXrm_8KW8N9i4f5bsTuQPAJM','2025-04-17 16:02:02.969155'),
('ljunve4odoo0pnonvcuut6dsjaeob3x3','.eJxVjDsOwjAQBe_iGllrbxyvKek5g7X-4QCypXwqxN0hUgpo38y8l_C8rdVvS579lMRZKHH63QLHR247SHduty5jb-s8Bbkr8qCLvPaUn5fD_TuovNRvPUYyo2XUOoEJGWkYSAEqg1RKAULArBVpcrawgzQAMoB1nNm5YKN4fwCsRDaz:1u6PCG:BnCB1DkhOE_rGir6F3dKvkpVt_757lrcXWw-h6-kPcM','2025-05-04 07:34:36.595464'),
('xqzvo3yj2kknfbze78lh3fx2q79trym5','.eJxVjDsOwjAQBe_iGllrbxyvKek5g7X-4QCypXwqxN0hUgpo38y8l_C8rdVvS579lMRZKHH63QLHR247SHduty5jb-s8Bbkr8qCLvPaUn5fD_TuovNRvPUYyo2XUOoEJGWkYSAEqg1RKAULArBVpcrawgzQAMoB1nNm5YKN4fwCsRDaz:1uCBA1:vmpK83vCOgf_WBzy5SanK9nyg2XkshF1OVtdVYrqo-Y','2025-05-20 05:48:09.212651');
/*!40000 ALTER TABLE `django_session` ENABLE KEYS */;
UNLOCK TABLES;
commit;

--
-- Table structure for table `sg_app_pendingsacredgrove`
--

DROP TABLE IF EXISTS `sg_app_pendingsacredgrove`;
/*!40101 SET @saved_cs_client     = @@character_set_client */;
/*!40101 SET character_set_client = utf8mb4 */;
CREATE TABLE `sg_app_pendingsacredgrove` (
  `id` bigint(20) NOT NULL AUTO_INCREMENT,
  `name` varchar(255) NOT NULL,
  `state` varchar(100) NOT NULL,
  `district` varchar(100) NOT NULL,
  `latitude` decimal(9,6) NOT NULL,
  `longitude` decimal(9,6) NOT NULL,
  `area_coverage` double DEFAULT NULL,
  `altitude` double DEFAULT NULL,
  `description` longtext DEFAULT NULL,
  `submitted_at` datetime(6) NOT NULL,
  `user_id` int(11) NOT NULL,
  PRIMARY KEY (`id`),
  KEY `sg_app_pendingsacredgrove_user_id_74de4917_fk_auth_user_id` (`user_id`),
  CONSTRAINT `sg_app_pendingsacredgrove_user_id_74de4917_fk_auth_user_id` FOREIGN KEY (`user_id`) REFERENCES `auth_user` (`id`)
) ENGINE=InnoDB DEFAULT CHARSET=utf8mb4 COLLATE=utf8mb4_unicode_ci;
/*!40101 SET character_set_client = @saved_cs_client */;

--
-- Dumping data for table `sg_app_pendingsacredgrove`
--

LOCK TABLES `sg_app_pendingsacredgrove` WRITE;
/*!40000 ALTER TABLE `sg_app_pendingsacredgrove` DISABLE KEYS */;
set autocommit=0;
/*!40000 ALTER TABLE `sg_app_pendingsacredgrove` ENABLE KEYS */;
UNLOCK TABLES;
commit;

--
-- Table structure for table `sg_app_sacredgrove`
--

DROP TABLE IF EXISTS `sg_app_sacredgrove`;
/*!40101 SET @saved_cs_client     = @@character_set_client */;
/*!40101 SET character_set_client = utf8mb4 */;
CREATE TABLE `sg_app_sacredgrove` (
  `id` bigint(20) NOT NULL AUTO_INCREMENT,
  `name` varchar(255) NOT NULL,
  `state` varchar(100) NOT NULL,
  `district` varchar(100) DEFAULT NULL,
  `latitude` decimal(9,6) NOT NULL,
  `longitude` decimal(9,6) NOT NULL,
  `area_coverage` double DEFAULT NULL,
  `altitude` double DEFAULT NULL,
  `description` longtext DEFAULT NULL,
  PRIMARY KEY (`id`)
) ENGINE=InnoDB AUTO_INCREMENT=1793 DEFAULT CHARSET=utf8mb4 COLLATE=utf8mb4_unicode_ci;
/*!40101 SET character_set_client = @saved_cs_client */;

--
-- Dumping data for table `sg_app_sacredgrove`
--

LOCK TABLES `sg_app_sacredgrove` WRITE;
/*!40000 ALTER TABLE `sg_app_sacredgrove` DISABLE KEYS */;
set autocommit=0;
INSERT INTO `sg_app_sacredgrove` VALUES
(1,'Bgdsg','Karnataka','kodagu',11.983889,75.947778,21.59,935,NULL),
(2,'Bkdsg','Karnataka','kodagu',12.032500,75.901944,9.4,855,NULL),
(3,'Brdsg','Karnataka','kodagu',12.094166,75.931389,1.3,812,NULL),
(4,'Brlsg','Karnataka','kodagu',12.095833,75.908333,2.4,799,NULL),
(5,'Btdsg','Karnataka','kodagu',12.190000,75.788611,12.1,879,NULL),
(6,'Hgdsg','Karnataka','kodagu',12.144444,75.767778,2.4,917,NULL),
(7,'Hglsge','Karnataka','kodagu',12.143055,75.768611,39.7,912,NULL),
(8,'Hglsgw','Karnataka','kodagu',12.143055,75.768611,39.7,912,NULL),
(9,'Htdsg','Karnataka','kodagu',12.125556,75.926667,8.9,822,NULL),
(10,'Icdsg','Karnataka','kodagu',12.150000,75.908611,4,858,NULL),
(11,'Kbdsg','Karnataka','kodagu',12.165278,75.860278,12.4,843,NULL),
(12,'Kdpalm','Karnataka','kodagu',12.162222,75.901944,6.6,966,NULL),
(13,'Ktdsg','Karnataka','kodagu',12.193055,75.767500,0.2,918,NULL),
(14,'Kudsg','Karnataka','kodagu',12.102778,75.864722,3.7,860,NULL),
(15,'Kuhdsg','Karnataka','kodagu',12.110556,75.868889,3.2,857,NULL),
(16,'Kulsg','Karnataka','kodagu',12.107500,75.863889,1.4,847,NULL),
(17,'Pldsg','Karnataka','kodagu',12.198055,75.924723,7.1,870,NULL),
(18,'Pldsg','Karnataka','kodagu',12.186944,75.718056,2.1,930,NULL),
(19,'Pllsge','Karnataka','kodagu',12.186666,75.715833,48.1,935,NULL),
(20,'Pllsgw','Karnataka','kodagu',12.181945,75.715556,48.1,956,NULL),
(21,'Topaji','Karnataka','kodagu',12.157778,75.712222,0,910,NULL),
(22,'Tslsg','Karnataka','kodagu',12.040000,75.956111,14,820,NULL),
(23,'Kabi Lungchuk','Sikkim','Kabi',27.398327,88.609328,300,1950,NULL),
(24,'Chuba','Sikkim','Lachung RF',27.728766,88.754775,0,3010,NULL),
(25,'Norbugang, Yuksam, Coro','Sikkim','Yuksam',27.369911,88.216750,0.7,1793,NULL),
(26,'Dubdi Monastery','Sikkim','Yuksam',27.368336,88.230820,0.7,1980,NULL),
(27,'Enchey Monastery','Sikkim','Gangtok',27.337152,88.619256,1.62,1818,NULL),
(28,'Khecheopalri Lake','Sikkim','Khecheopalri',27.349308,88.190158,0,1805,NULL),
(29,'Labrang Monastery','Sikkim','Near Phodong Monastery',27.367850,88.568400,1.21,1917,NULL),
(30,'Lhari-rinchen nying phug','Sikkim','9km from Labdang village',27.439222,88.277584,0,2835,NULL),
(31,'Sang-ngor Gumpa','Sikkim','Rongay',27.341847,88.644564,0,1645,NULL),
(32,'Nub dechen phug','Sikkim','10 km from Yuksam',27.334222,88.123631,0,3165,NULL),
(33,'Phensong Monastery','Sikkim','3km from Phensong Village',27.420742,88.611056,2.02,1520,NULL),
(34,'Phur chachu','Sikkim','Legship',27.250108,88.303164,0,475,NULL),
(35,'Rumtek old Monastery','Sikkim','Rumtek',27.285072,88.562283,0,1609,NULL),
(36,'Pathing Monastery (Rinchhen-tse gonpa)','Sikkim','Machong',27.226667,88.667223,40.45,1220,NULL),
(37,'Sanga choeling Monastery','Sikkim','Above Pelling',27.297247,88.221025,0,2107,NULL),
(38,'Gadi Central Pandam','Sikkim','Pandam',27.220906,88.528400,2.02,1752,NULL),
(39,'Biring','Sikkim','Bering',27.215925,88.656511,1,972,NULL),
(40,'Tarku Tak Kali Mandir','Sikkim','Temi Tarku',27.244500,88.437805,0,946,NULL),
(41,'Rolu Devithan','Sikkim','Melli-Jorethang road',27.096944,88.387416,0,284,NULL),
(42,'Taku ney/Rolep bouda sacred grove','Sikkim','5 km from Rolep village',27.286527,88.726139,0.97,1504,NULL),
(43,'Rani Dhunga','Sikkim','Above Sardung village',27.290805,88.174139,0,2478,NULL),
(44,'Kalkani Devi Mandir','Sikkim','Triveni',27.220611,88.533223,0,260,NULL),
(45,'Smritivan','Sikkim','Bulbulay',27.359569,88.626678,0,1943,NULL),
(46,'Bajhari kot (Kot)','Himachal Pradesh','Lajheri (Anni)',31.726900,77.430000,2.53,2368,NULL),
(47,'Binguli Nag (Shigogi)','Himachal Pradesh','Vyangal (Anni)',31.459700,77.511100,2.02,2061,NULL),
(48,'Pacchal Devi (Deori)','Himachal Pradesh','Javan (Anni)',31.459700,77.511100,2.02,1726,NULL),
(49,'Jogeshwar Mahadev','Himachal Pradesh','(Anni)',31.410500,77.437700,1.01,1985,NULL),
(50,'Shamshar Mahadev','Himachal Pradesh','Chowai (Anni)',31.710200,77.865500,1.52,1385,NULL),
(51,'Vyas Rishi (Kuiner)','Himachal Pradesh','Mohan (Anni)',31.498600,77.473800,0.38,1657,NULL),
(52,'Bungru Mahadev (Deutha)','Himachal Pradesh','Deutha (Banjar)',31.875800,77.530200,1.52,1870,NULL),
(53,'Pundrik Rishi (Dalogi)','Himachal Pradesh','Suchehan (Banjar)',31.958800,77.456600,4.55,2074,NULL),
(54,'Jagtham Rishi','Himachal Pradesh','Gada Parli (Banjar)',31.995000,77.538000,0.76,2395,NULL),
(55,'Jagtham Rishi','Himachal Pradesh','Gada Parli (Banjar)',32.008800,77.505000,1.52,2398,NULL),
(56,'Jagtham Rishi','Himachal Pradesh','Gada Parli (Banjar)',32.211100,77.830100,22.76,3194,NULL),
(57,'Ishwar Mahadev','Himachal Pradesh','Palahch (Banjar)',31.727200,77.363800,10.12,1694,NULL),
(58,'Jagdamini Rishi','Himachal Pradesh','Kalwari (Banjar)',31.765000,77.418300,1.52,2168,NULL),
(59,'Jagtham Rishi (Bagi)','Himachal Pradesh','Gada Parli (Banjar)',31.813800,77.633300,3.03,2410,NULL),
(60,'Shesh Nag (Manoun)','Himachal Pradesh','Kalwari (Banjar)',31.711300,77.483600,0.76,2693,NULL),
(61,'Budhi Nagin (Ghiyagi)','Himachal Pradesh','Khadagad (Banjar)',31.769100,77.563800,1.26,2039,NULL),
(62,'Laxmi Narayan (Bagi)','Himachal Pradesh','Kalwari (Banjar)',31.800000,77.496600,0.25,2011,NULL),
(63,'Manu Rishi (Tung)','Himachal Pradesh','Shainsar (Banjar)',31.999100,77.388800,0.76,2224,NULL),
(64,'Manu Rishi (Talyahara)','Himachal Pradesh','Deuri Dhar (Banjar)',31.925800,77.405500,1.14,2518,NULL),
(65,'Budhi Nagin (Ghiyagi)','Himachal Pradesh','Khadagad (Banjar)',32.789400,77.389100,0.51,2598,NULL),
(66,'Garg Rishi (Khanyargi)','Himachal Pradesh','Bahalan-2 (Banjar)',31.944100,77.368800,2.02,2088,NULL),
(67,'Sahunag (Manahar)','Himachal Pradesh','Shainsar (Banjar)',31.881600,77.394100,1.01,1955,NULL),
(68,'Lomsh Rishi (Sarthi)','Himachal Pradesh','Khadagad (Banjar)',31.700200,77.438800,3.79,2624,NULL),
(69,'Panchveer (Sarthi)','Himachal Pradesh','Khadagad (Banjar)',31.774700,77.552700,1.52,2691,NULL),
(70,'Shringa Rishi (sarthi )','Himachal Pradesh','Khadagad (Banjar)',31.769700,77.567500,2.53,2714,NULL),
(71,'Satrupa Mata (Mail)','Himachal Pradesh','Gadaparli (Banjar)',31.960800,77.424400,1.26,1747,NULL),
(72,'Shankhchool Mahadev','Himachal Pradesh','Shangad (Banjar)',31.963300,77.601600,32.55,2100,NULL),
(73,'Shesh Nag (Chiunt)','Himachal Pradesh','Jibhi (Banjar)',31.676100,77.383300,0.76,1835,NULL),
(74,'Shesh Nag (Bhuhara)','Himachal Pradesh','Kalwari (Banjar)',31.875200,77.587700,0.51,1796,NULL),
(75,'Shesh Nag (Sihan)','Himachal Pradesh','Deuri Dhar (Banjar)',31.909700,77.496900,3.29,2280,NULL),
(76,'Duinu Devta (Shainsar)','Himachal Pradesh','Bajahar (Banjar)',31.890500,77.541100,25.29,1721,NULL),
(77,'Jagdamani Rishi','Himachal Pradesh','Deutha (Banjar)',31.875200,77.458600,1.26,2314,NULL),
(78,'Sati Anusuiya (Nijan)','Himachal Pradesh','Parli (Kullu)',32.058800,77.358800,1.01,2255,NULL),
(79,'Mata Ashapuri (Mouhan)','Himachal Pradesh','Balahan-1 (Kullu)',31.906900,77.441300,3.54,1909,NULL),
(80,'Bhrigu Rishi (Ashani)','Himachal Pradesh','Jeshtha (Kullu)',31.943300,77.366300,3.03,2045,NULL),
(81,'Durwasa Rishi (Palgi)','Himachal Pradesh','Balhan-1 (Kullu)',31.981900,77.503000,1.26,2111,NULL),
(82,'Bhekhali Mata (Sari)','Himachal Pradesh','Sari (Kullu)',32.104400,77.134400,1.26,2221,NULL),
(83,'Bijali Mahadev (Bijali)','Himachal Pradesh','Chansari (Kullu)',32.025800,77.153800,24.03,2408,NULL),
(84,'Chayavan Rishi (Nijan)','Himachal Pradesh','Parli (Kullu)',32.076100,77.359400,5.06,2252,NULL),
(85,'Dashmi Barda (Kais)','Himachal Pradesh','Kais (Kullu)',32.030300,77.180000,17.7,1405,NULL),
(86,'Jagtham Rishi','Himachal Pradesh','Barshaini (Kullu)',32.025800,77.586300,1.01,2282,NULL),
(87,'Shivdharch (Nakthan)','Himachal Pradesh','Suchehan (Kullu)',32.078800,77.570800,0.19,2395,NULL),
(88,'Renuka Mata (Tosh)','Himachal Pradesh','Barshaini (Kullu)',32.248000,77.474100,0.02,2467,NULL),
(89,'Virnath (Tahuk)','Himachal Pradesh','Barshaini (Kullu)',32.045000,77.454100,1.01,2186,NULL),
(90,'Ajay Pal Rishi (Peej)','Himachal Pradesh','Peej (Kullu)',32.111100,77.261900,1.01,1919,NULL),
(91,'Bradhiveer (Peej)','Himachal Pradesh','Peej (Kullu)',32.117700,77.264700,0.25,1934,NULL),
(92,'Luxmi Narayan (Raila)','Himachal Pradesh','Raila (Kullu)',31.903600,77.319100,2.28,2058,NULL),
(93,'Triyugi Narayan (Diyar)','Himachal Pradesh','Diyar (Kullu)',32.006600,77.433300,50.58,1880,NULL),
(94,'Devi Jogani (Garh)','Himachal Pradesh','Shili Rajgiri (Kullu)',33.008800,77.306600,0.13,2574,NULL),
(95,'Naina Mata (Gojh)','Himachal Pradesh','Kasol (Kullu)',32.033800,77.544100,4.81,1635,NULL),
(96,'Grimal Devta (Banogi)','Himachal Pradesh','Gahar (Kullu)',32.228800,77.162500,0.51,2001,NULL),
(97,'Athara Pede (Kabadi)','Himachal Pradesh','Jeshtha (Kullu)',32.033000,77.190200,252.9,1991,NULL),
(98,'Kali Nag (Karal)','Himachal Pradesh','Dev Garh (Kullu)',32.092700,77.296600,20.74,1946,NULL),
(99,'Katrushi Narayan','Himachal Pradesh','Bhalyani (Kullu)',32.143600,77.263000,7.33,1934,NULL),
(100,'Gautam Rishi (Manihar)','Himachal Pradesh','Parli (Kullu)',32.006600,77.233300,63.23,2340,NULL),
(101,'Jagdamani Rishi','Himachal Pradesh','Peej (Kullu)',32.169400,77.224700,5.06,2182,NULL),
(102,'Nag Devta (Nijan)','Himachal Pradesh','Parli (Kullu)',31.874100,77.373000,0.25,2209,NULL),
(103,'Nag Devta (Nagani)','Himachal Pradesh','Shili Rajgiri (Kullu)',32.050200,78.177200,0.06,2430,NULL),
(104,'Vishanu Narayan (Pulga)','Himachal Pradesh','Barshaini (Kullu)',32.166100,77.526900,2.53,2250,NULL),
(105,'Amal Narayan (Narol)','Himachal Pradesh','Garsa (Kullu)',32.007700,77.477200,1.26,1948,NULL),
(106,'Vasuki Nag (Kumarthi)','Himachal Pradesh','Halan-1 (Kullu)',32.160200,77.303600,3.79,2017,NULL),
(107,'Shouth Nihargad','Himachal Pradesh','Bhalan 1 (Kullu)',31.901900,77.366600,101.16,1400,NULL),
(108,'Durwasa Rishi (Palgi)','Himachal Pradesh','Balahan -1 (Kullu)',32.079400,77.416100,0.06,2062,NULL),
(109,'Vir Nath (Janahal)','Himachal Pradesh','Shil Rajgiri (Kullu)',33.057700,77.320000,2.53,1950,NULL),
(110,'Ringu Nag (Ghat)','Himachal Pradesh','Raila (Kullu)',32.059400,77.542500,30.35,2170,NULL),
(111,'Triyugi Narayan','Himachal Pradesh','Dunkhri Gahar (Kullu)',32.256100,77.267700,5.06,1978,NULL),
(112,'Adi Bramha (Rudgi)','Himachal Pradesh','Rajgiri (Kullu)',32.935800,77.159700,7.59,2155,NULL),
(113,'Panchali Narayan','Himachal Pradesh','Chaprasa (Kullu)',32.137200,77.067500,2.53,1727,NULL),
(114,'Rawal Rishi (Uchh)','Himachal Pradesh','Barshaini (Kullu)',32.239100,77.570800,0.51,2125,NULL),
(115,'Saptpal Rishi (Sori)','Himachal Pradesh','Khadihar (Kullu)',32.044400,77.176900,37.94,1685,NULL),
(116,'Renuka Mata (Shiah)','Himachal Pradesh','Manjhali (Kullu)',31.455800,77.454700,0.25,1757,NULL),
(117,'Than Devta (Shim)','Himachal Pradesh','Mandal Garh (Kullu)',31.252500,77.197700,0.25,1559,NULL),
(118,'Bradhivir (Bhalan)','Himachal Pradesh','Bhalan-2 (Kullu)',31.869700,77.422700,1.26,2768,NULL),
(119,'Shukri Nag (Tandala)','Himachal Pradesh','Kararsu (Kullu)',31.039700,77.402700,0.76,2315,NULL),
(120,'Jagdamini Rishi','Himachal Pradesh','Naggar (Naggar)',32.155200,77.339400,3.79,2211,NULL),
(121,'Jagdamini Rishi','Himachal Pradesh','Baragran (Naggar)',32.185800,77.329700,3.79,1717,NULL),
(122,'Takshik Nag (Bhanara)','Himachal Pradesh','Jagatsukh (Naggar)',32.228600,77.355000,1.26,2238,NULL),
(123,'Jeev Narayan (Bharnout)','Himachal Pradesh','Janna (Naggar)',32.155800,77.205800,0.76,2086,NULL),
(124,'Jagdamani Rishi','Himachal Pradesh','Katrain (Naggar)',32.163600,77.337500,25.29,1549,NULL),
(125,'Hadimba Mata (Dhungri)','Himachal Pradesh','MC Manali ward-1 (Naggar)',32.484700,77.404400,7.84,2039,NULL),
(126,'Dani Devta (Gojra)','Himachal Pradesh','Gojra (Naggar)',32.404100,77.295800,5.06,2056,NULL),
(128,'Jagdamani Rishi','Himachal Pradesh','Karjan (Naggar)',32.307700,77.281900,1.26,1773,NULL),
(129,'Kartik Swami','Himachal Pradesh','Gojra (Naggar)',30.352700,77.368000,5.06,1897,NULL),
(130,'Kartik Swami (Nathan)','Himachal Pradesh','Nathan (Naggar)',32.336900,77.391900,2.02,2183,NULL),
(131,'Larain Mahadev (Laran)','Himachal Pradesh','Nathan (Naggar)',31.174100,77.281100,1.01,1548,NULL),
(132,'Raja Bali (Kharol)','Himachal Pradesh','Nathan (Naggar)',32.116900,77.364400,20.23,2404,NULL),
(133,'Vasuki Nag (Damadhi)','Himachal Pradesh','Halan-1(Naggar)',32.211100,77.361900,1.26,2275,NULL),
(134,'Vasuki Nag (Balthan)','Himachal Pradesh','Halan-1 (Naggar)',32.208000,77.457200,12.65,2422,NULL),
(136,'Chamunda Mata','Himachal Pradesh','Nathan (Naggar)',32.208000,77.326300,0.76,1773,NULL),
(137,'Jagdamani Rishi (Neri)','Himachal Pradesh','Pichhalihar (Naggar)',32.288600,77.104400,3.79,2016,NULL),
(138,'Dhumal Nag (Pew)','Himachal Pradesh','Halan-2 (Naggar)',32.351900,77.045500,5.06,2303,NULL),
(139,'Jamlu Devta (Prini)','Himachal Pradesh','Prini (Naggar)',32.303300,77.333800,2.53,2085,NULL),
(140,'Dev Vishanu (Sajla)','Himachal Pradesh','Karjan (Naggar)',32.294700,77.346300,2.53,1889,NULL),
(141,'Raja Bali (Dugla Seri)','Himachal Pradesh','Nagger (Naggar)',32.183000,77.308300,1.26,2156,NULL),
(142,'Sharwari Mata (Shuru)','Himachal Pradesh','Prini (Naggar)',31.203300,77.260000,7.84,1961,NULL),
(143,'Shandil Rishi (Shilin)','Himachal Pradesh','Shilin (Naggar)',31.235200,77.379700,1.52,2144,NULL),
(144,'Jagdamini Rishi (Soel)','Himachal Pradesh','Soel (Naggar)',32.390800,77.192500,2.53,1907,NULL),
(145,'Gauri Shankar (Dashal)','Himachal Pradesh','Halan-1 (Naggar)',31.266300,77.366100,0.51,1741,NULL),
(146,'Tripura Sundari (Naggar)','Himachal Pradesh','Naggar (Naggar)',31.296900,77.174400,1.77,1770,NULL),
(147,'Ambika Mata','Himachal Pradesh','Nirmand (Nirmand)',31.553300,77.648800,3.03,1392,NULL),
(148,'Dakshineshwer Mahadev','Himachal Pradesh','Nirmand (Nirmand)',31.555200,77.661100,0.51,1405,NULL),
(149,'Devta Chhambhu','Himachal Pradesh','Garej (Nirmand)',31.625200,77.730200,0.51,900,NULL),
(150,'Jalandhi Rishi (Sarahan)','Himachal Pradesh','Sarahan (Nirmand)',31.665200,77.581300,8.85,2382,NULL),
(151,'Kali Mata (Baga)','Himachal Pradesh','Sarahan (Nirmand)',31.558000,77.555000,8.85,2367,NULL),
(152,'Natali Nag (Ram Gadh)','Himachal Pradesh','Nishani (Nirmand)',31.604100,77.712500,0.25,2407,NULL),
(153,'Natali Nag (Sunehra)','Himachal Pradesh','Nishani (Nirmand)',31.634400,77.743300,0.38,1796,NULL),
(154,'Sunari Devi (Pujarli)','Himachal Pradesh','Nishani (Nirmand)',31.653300,77.786600,0.89,1730,NULL),
(155,'Bhima kali ( Ganvi )','Himachal Pradesh','Dumehar ( Basantpur )',31.326900,77.396300,1.41,1640,NULL),
(156,'Bhima Kali ( Karyali )','Himachal Pradesh','Karyali ( Basantpur )',31.489400,77.444700,16.25,1346,NULL),
(157,'Gaun Devta ( Chaplani )','Himachal Pradesh','Karyali ( Basantpur )',31.447500,77.443800,0.13,2017,NULL),
(158,'Devta Bathendlu ( Panjeli )','Himachal Pradesh','Khatnol ( Basantpur )',31.179400,77.493300,10,1910,NULL),
(159,'Devta Maheshwar ( Neen )','Himachal Pradesh','Neen ( Basantpur )',31.213800,77.317200,0.75,1742,NULL),
(160,'Pandoi Devta ( Dharogra )','Himachal Pradesh','Dharogra ( Basantpur )',31.457700,77.400200,1.25,1786,NULL),
(161,'Doom Devta ( Taloti )','Himachal Pradesh','Khatnol ( Basantpur )',31.232200,77.489100,0,1980,NULL),
(162,'Doom Devta ( Dumehar )','Himachal Pradesh','Dumehar ( Basantpur )',31.230800,77.306900,0.06,1542,NULL),
(163,'Shalli Mata ( Shill )','Himachal Pradesh','Majhwer ( Basantpur )',31.360000,77.251300,17.5,1660,NULL),
(164,'Ma Bhima Kali ( Devla )','Himachal Pradesh','Devla ( Basantpur )',31.265800,77.283800,0.38,1834,NULL),
(165,'Bhimakali ( Basantpur )','Himachal Pradesh','Basantpue ( Basantpur )',31.364700,77.261900,8,1088,NULL),
(166,'Majhwer Devta ( Majhwer )','Himachal Pradesh','Majhwer ( Basantpur )',31.342700,77.460200,0.25,1693,NULL),
(168,'Pandoi Devta ( Pandoa )','Himachal Pradesh','Bag ( Basantpur )',31.380800,77.440000,5,736,NULL),
(169,'Deokar Devta ( Sandoa )','Himachal Pradesh','Sandoa ( Basantpur )',31.475200,77.520000,25,1682,NULL),
(170,'Doom Devta ( Shada )','Himachal Pradesh','Karyali ( Basantpur )',31.256300,77.327500,0.08,1755,NULL),
(171,'Shatkavanni ( Dandi Bag )','Himachal Pradesh','Khatnol ( Basantpur )',31.270000,77.536100,7,1901,NULL),
(172,'Sunnu Devta ( Graon )','Himachal Pradesh','Karyali ( Basantpur )',31.256300,77.327500,0.25,982,NULL),
(173,'Banashira ( Larot )','Himachal Pradesh','Shiladesh ( Chirgaon )',31.477500,77.065800,8.75,2509,NULL),
(174,'Jabal Narayan ( Jabal )','Himachal Pradesh','Dagoli ( Chirgaon )',31.330200,78.085800,6.25,2519,NULL),
(175,'Jakh Devta ( Gajiyani )','Himachal Pradesh','Shiladesh ( Chirgaon )',31.151300,77.205500,0,2206,NULL),
(176,'Bashik Maharaj ( Jakhnoti )','Himachal Pradesh','Sundabauna ( Chirgaon )',31.466900,77.899100,15,2479,NULL),
(177,'Khantu Devta ( Ranol )','Himachal Pradesh','Ranol ( Chirgaon )',31.382700,78.029400,10,2613,NULL),
(178,'Khantu Devta ( Devidhar )','Himachal Pradesh','Saribhasa ( Chirgaon )',31.460800,78.023300,2.25,2141,NULL),
(179,'Mahadev Devta ( Pujarli )','Himachal Pradesh','Bhumper ( Chirgaon )',31.494400,77.904700,6.75,2056,NULL),
(180,'Mahasu Devta','Himachal Pradesh','Gavas ( Chirgaon )',31.298800,78.002700,32.5,2233,NULL),
(181,'Pavasi Devta','Himachal Pradesh','Rohal ( Chirgaon )',31.525500,78.047700,4.25,2598,NULL),
(182,'Pavasi Devta','Himachal Pradesh','Gavas ( Chirgaon )',31.342700,77.929700,0,2071,NULL),
(183,'Pavasi Devta','Himachal Pradesh','Bhumper ( Chirgaon )',31.443000,77.088800,1,2208,NULL),
(184,'Pavasi Devta','Himachal Pradesh','Chirgaon ( Chirgaon )',31.390500,77.912200,0.75,2096,NULL),
(185,'Pavasi Devta','Himachal Pradesh','Tikri ( Chirgaon )',31.469400,77.158800,0.25,2019,NULL),
(186,'Sandar Devta','Himachal Pradesh','Shiladesh ( Chirgaon )',31.392700,77.046600,1.5,2505,NULL),
(187,'Shediya Mahasu','Himachal Pradesh','Gaunsari ( Chirgaon )',31.298000,77.446300,0,2692,NULL),
(188,'Soni Nag Devta','Himachal Pradesh','Khabal ( Chirgaon )',31.305000,77.980200,5,2478,NULL),
(189,'Bijat Maharaj','Himachal Pradesh','Sarahain ( Chopal )',30.965200,77.736900,25,2203,NULL),
(190,'Chanjai Mata','Himachal Pradesh','Thana ( Chopal )',31.204400,77.779100,0.09,2203,NULL),
(191,'Dakraie Devta','Himachal Pradesh','Bamta ( Chopal )',31.073300,77.643600,3,2203,NULL),
(192,'Dundhi Mata','Himachal Pradesh','Dhabas ( Chopal )',31.127500,77.682500,1.5,1696,NULL),
(193,'Durga Mata','Himachal Pradesh','Thana ( Chopal )',30.950800,77.591900,2,2333,NULL),
(194,'Nag Devta','Himachal Pradesh','Matal ( Chopal )',31.066600,77.836600,2.75,2520,NULL),
(195,'Nag Devta','Himachal Pradesh','Bamta ( Chopal )',31.265500,77.832200,0.13,2000,NULL),
(196,'Shirgul Maharaj','Himachal Pradesh','Thana ( Chopal )',30.964400,77.727700,0.05,2508,NULL),
(197,'Banar Devta','Himachal Pradesh','Mandal ( Jubbal )',31.153300,77.994100,0,0,NULL),
(198,'Bondra Devta','Himachal Pradesh','Baghar ( Jubbal )',31.185000,77.605800,22.5,2455,NULL),
(199,'Nar Singh Devta','Himachal Pradesh','Bag Domehar ( Jubbal )',31.180800,77.614100,5,1706,NULL),
(200,'Devta Nandrari','Himachal Pradesh','Bag ( Jubbal )',31.153600,77.681900,5.5,1855,NULL),
(201,'Doom Devta','Himachal Pradesh','Devgarh ( Jubbal )',31.345000,77.612200,1.25,1965,NULL),
(202,'Durga Mata','Himachal Pradesh','Mahasu ( Jubbal )',31.153600,77.572500,1,1965,NULL),
(203,'Hateshweri Mata','Himachal Pradesh','Sarswati Nagar ( Jubbal )',31.358600,77.932200,7.5,1420,NULL),
(204,'Krishan','Himachal Pradesh','Purg ( Jubbal )',31.281300,77.689400,1,2011,NULL),
(205,'Nandan Mata','Himachal Pradesh','Shilhi ( Jubbal )',31.325800,77.597500,17.5,2015,NULL),
(206,'Pavasi Devta','Himachal Pradesh','Bholar ( Jubbal )',31.298000,77.880200,5,2224,NULL),
(207,'Devi Shakti','Himachal Pradesh','Deeb ( Kumarsain )',31.558300,77.613300,37.5,2119,NULL),
(208,'Devta Dhaneshwar','Himachal Pradesh','Kirti ( Kumarsain )',31.547200,77.606900,3,898,NULL),
(209,'Marich Devta','Himachal Pradesh','Kumarsain ( Kumarsain )',31.318600,77.509400,14.75,1532,NULL),
(210,'Koteshwa Devta','Himachal Pradesh','Kumarsain ( Kumarsain )',31.454400,77.569400,0.25,1480,NULL),
(211,'Pandoi Devta','Himachal Pradesh','Kotighat ( Kumarsain )',31.336300,77.505500,3.75,1761,NULL),
(212,'Mur Devta Shiv Mahakal','Himachal Pradesh','Mogda ( Kumarsain )',31.531900,77.422200,4,1815,NULL),
(213,'Nag Shirgul','Himachal Pradesh','Kangal ( Kumarsain )',31.329100,77.373600,1,1956,NULL),
(214,'Nag Devta','Himachal Pradesh','Jarol ( Kumarsain )',31.337200,77.746100,0.5,2486,NULL),
(215,'Bhat Devta','Himachal Pradesh','Bhattakufar ( Mashobra )',31.112200,77.291100,1.25,1832,NULL),
(216,'Devdhar Mata','Himachal Pradesh','Chedi ( Mashobra )',31.330200,77.337200,1,1710,NULL),
(217,'Devta Manoon','Himachal Pradesh','Dharbhog ( Mashobra )',31.162200,77.525000,18,2098,NULL),
(218,'Katheshwar Devta','Himachal Pradesh','Koti ( Mashobra )',31.146900,77.397700,0.13,2201,NULL),
(219,'Nag Devta','Himachal Pradesh','Dummi ( Mashobra )',31.236100,77.191300,6.25,1846,NULL),
(220,'Devtsa Shaine','Himachal Pradesh','Patgair ( Mashobra )',31.258000,77.348300,22.5,2234,NULL),
(221,'Dhandi Devta','Himachal Pradesh','Chedi ( Mashobra )',31.336100,77.296300,22.5,1747,NULL),
(222,'Dhandi Devta','Himachal Pradesh','Pagog ( Mashobra )',31.281600,77.419100,3.75,1887,NULL),
(223,'Jawala Mata','Himachal Pradesh','Chamyana ( Mashobra )',31.125800,77.338000,1.25,2109,NULL),
(224,'Jawala Mata','Himachal Pradesh','Jathiya Devi ( Mashobra )',31.105000,77.166100,25,1486,NULL),
(225,'Junga Devta','Himachal Pradesh','Baggi ( Mashobra )',31.255200,77.308800,0.5,1332,NULL),
(226,'Kali Mata','Himachal Pradesh','Bhont ( Mashobra )',31.168300,77.224700,0.25,2049,NULL),
(227,'Bhima Kali','Himachal Pradesh','Kufri ( Mashobra )',31.182200,77.399400,0.04,2522,NULL),
(228,'Mahavir','Himachal Pradesh','Darbhog ( Mashobra )',31.280800,77.526300,0.15,2405,NULL),
(229,'Narsingh','Himachal Pradesh','Baggi ( Mashobra )',31.181100,77.250500,7.5,1273,NULL),
(230,'Shiv Tarav','Himachal Pradesh','Anandpur ( Mashobra )',31.178300,77.270500,6.25,1991,NULL),
(231,'Pozhiyoor Temple Kavu','Kerala','Trivananthapuram',8.303533,77.090417,10,NULL,NULL),
(232,'Ulloorkonam Kavu','Kerala','Trivananthapuram',8.334033,77.092267,5,NULL,NULL),
(233,'Kannaman Konam Kavu','Kerala','trivananthapuram',8.319817,77.087400,20,NULL,NULL),
(234,'Amaravila Kavu','Kerala','trivananthapuram',8.320017,77.092567,17,NULL,NULL),
(235,'Nagarmadom kavu','Kerala','trivananthapuram',8.324533,77.092017,10,NULL,NULL),
(236,'Nagaru Kavu','Kerala','trivananthapuram',8.324133,77.103217,10,NULL,NULL),
(237,'Kavil Kulan Nagar Kavu','Kerala','trivananthapuram',8.325967,77.059400,10,NULL,NULL),
(238,'Ayiramvally Kavu','Kerala','trivananthapuram',8.422683,77.048083,4,NULL,NULL),
(239,'Azhippil Kavu','Kerala','trivananthapuram',8.413467,77.047100,20,NULL,NULL),
(240,'Kavil Nagaru Kavu','Kerala','trivananthapuram',8.395733,77.047900,14,NULL,NULL),
(241,'Thamburan kavu','Kerala','trivananthapuram',8.373150,77.023467,15,NULL,NULL),
(242,'Thekkekonam Nagaru Kavu','Kerala','trivananthapuram',8.365750,77.019000,7,NULL,NULL),
(243,'Mulloor Sreekrishna Sivan Kavu','Kerala','trivananthapuram',8.375250,77.009950,5,NULL,NULL),
(244,'Velamkolly Nagaraja Temple Kavu','Kerala','trivananthapuram',8.389133,77.006017,14,NULL,NULL),
(245,'Naga-raja Kshethram Kavu','Kerala','trivananthapuram',8.397483,77.014733,5,NULL,NULL),
(246,'Kochu Thekkethu Valiya Kavu','Kerala','trivananthapuram',8.390383,77.009817,10,NULL,NULL),
(247,'Chinnekkal Nagar Kavu','Kerala','trivananthapuram',8.391367,77.008667,8,NULL,NULL),
(248,'Perayil thamburan kavu','Kerala','trivananthapuram',8.389150,77.004800,8,NULL,NULL),
(249,'Ooravilakom Kavu','Kerala','trivananthapuram',8.398333,77.012250,25,NULL,NULL),
(250,'Mekke Poonkulam Devasthanam kavu','Kerala','trivananthapuram',8.434400,77.013733,60,NULL,NULL),
(251,'Nagaru kavu','Kerala','trivananthapuram',8.553200,76.932083,50,NULL,NULL),
(252,'Mele kavu','Kerala','trivananthapuram',8.423433,76.967783,40,NULL,NULL),
(253,'Valiyathottom Bhagavathy kavu','Kerala','trivananthapuram',8.422867,76.972867,32,NULL,NULL),
(254,'Padayarahan Nagaru Kavu','Kerala','trivananthapuram',8.438600,76.958033,14,NULL,NULL),
(255,'Nelliyode Sree Bhagavathi kshethra Kavu','Kerala','trivananthapuram',8.451800,76.951517,20,NULL,NULL),
(256,'Kottuppally Nagar Kavu','Kerala','trivananthapuram',8.455133,76.967233,31,NULL,NULL),
(257,'Kavuvila Kavu','Kerala','trivananthapuram',8.442667,76.954033,10,NULL,NULL),
(258,'Kezhanoor Nagaru kavu','Kerala','trivananthapuram',8.478317,76.961017,5,NULL,NULL),
(259,'Elengam vilakathu Kavu','Kerala','trivananthapuram',8.703650,76.827783,3,NULL,NULL),
(260,'Irumkulangara Bhagavathi kshethra Kavu','Kerala','trivananthapuram',8.470000,76.944567,60,NULL,NULL),
(261,'Meloottu Kavu','Kerala','trivananthapuram',8.495050,76.926100,15,NULL,NULL),
(262,'Madathu vilakom Kavu','Kerala','trivananthapuram',8.480300,76.932367,10,NULL,NULL),
(263,'Nagaraja Kavu','Kerala','trivananthapuram',8.604417,76.820083,7,NULL,NULL),
(264,'Moolayil Kavu','Kerala','trivananthapuram',8.678000,76.787700,25,NULL,NULL),
(265,'Ottaveettil Nagaru kavu','Kerala','trivananthapuram',8.662017,76.783400,25,NULL,NULL),
(266,'Planthottam Kavu','Kerala','trivananthapuram',9.120067,77.260133,10,NULL,NULL),
(267,'Ponnamthuruthu kavu','Kerala','trivananthapuram',9.122233,77.259300,10,NULL,NULL),
(268,'Eliyan vilakom Kavu','Kerala','trivananthapuram',8.702417,76.739417,20,NULL,NULL),
(269,'Mangattu Madan kavu (I)','Kerala','trivananthapuram',8.719567,76.744383,40,NULL,NULL),
(270,'Mangattu Madan kavu (II)','Kerala','trivananthapuram',8.724217,76.734083,20,NULL,NULL),
(271,'Cherukunnathu kavu','Kerala','trivananthapuram',8.744083,76.725250,150,NULL,NULL),
(272,'Thoduve Madan Kavu','Kerala','trivananthapuram',8.744283,76.726167,8,NULL,NULL),
(273,'Mundatil Kavu','Kerala','trivananthapuram',8.738200,76.719767,30,NULL,NULL),
(274,'Charuvila','Kerala','trivananthapuram',8.737083,76.705583,5,NULL,NULL),
(275,'Palavvilakom','Kerala','trivananthapuram',8.755450,76.714200,75,NULL,NULL),
(276,'Chandana kavu','Kerala','trivananthapuram',8.757567,76.710967,20,NULL,NULL),
(277,'Kuzhyvila Madan','Kerala','trivananthapuram',8.742783,76.717217,10,NULL,NULL),
(278,'Kavuvila Kavu','Kerala','trivananthapuram',8.730367,76.713967,35,NULL,NULL),
(279,'Madan nada','Kerala','trivananthapuram',8.730400,76.714933,5,NULL,NULL),
(280,'Mangattu madan','Kerala','trivananthapuram',8.734100,76.736900,20,NULL,NULL),
(281,'Sivagiri Madom','Kerala','trivananthapuram',8.739050,76.731867,300,NULL,NULL),
(282,'Elampana','Kerala','trivananthapuram',8.724733,76.722683,75,NULL,NULL),
(283,'Thakady Moorthy','Kerala','trivananthapuram',8.766650,76.699817,35,NULL,NULL),
(284,'Chirayil Bhagavathy','Kerala','trivananthapuram',8.759433,76.695617,10,NULL,NULL),
(285,'Idayilveedu kavu','Kerala','trivananthapuram',8.759433,76.825867,50,NULL,NULL),
(286,'Kappil kavu','Kerala','trivananthapuram',8.750483,76.698050,15,NULL,NULL),
(287,'Sree Kumareswara kavu','Kerala','trivananthapuram',8.758433,76.684017,50,NULL,NULL),
(288,'Arayasseril kavu','Kerala','kollam',9.063700,76.510100,5,NULL,NULL),
(289,'Mengayilmekkathil Kavu','Kerala','kollam',9.063550,76.508933,8,NULL,NULL),
(290,'Shakkthiparampu Kavu','Kerala','kollam',9.063583,76.508317,10,NULL,NULL),
(291,'Minnamthottil Kshethram Kavu','Kerala','kollam',9.000517,76.528633,5,NULL,NULL),
(292,'Kallapallikavu','Kerala','kollam',9.002533,76.528000,10,NULL,NULL),
(293,'MangalathuKavu','Kerala','kollam',9.002183,76.524550,5,NULL,NULL),
(294,'Palapazhinjiyil Kavu','Kerala','kollam',9.002133,76.542867,8,NULL,NULL),
(295,'Thenginpallikavu','Kerala','kollam',9.003050,76.540417,5,NULL,NULL),
(296,'Punthalathukavu (Kudumbha Trust)','Kerala','kollam',9.003050,76.538683,7,NULL,NULL),
(297,'Palottu Kavu','Kerala','kollam',9.008700,76.538017,40,NULL,NULL),
(298,'VadakkebhahathuKavu','Kerala','kollam',9.008050,76.536583,5,NULL,NULL),
(299,'MadathilKavu','Kerala','kollam',9.006550,76.534583,10,NULL,NULL),
(300,'Thazhathukavu','Kerala','kollam',9.048550,76.547383,37,NULL,NULL),
(301,'Benglawil kavu','Kerala','kollam',9.047633,76.545067,50,NULL,NULL),
(302,'Manayilkavu','Kerala','kollam',9.013800,76.550133,26,NULL,NULL),
(303,'Annilazhikathukavu','Kerala','kollam',9.014333,76.553383,43,NULL,NULL),
(304,'Vadakkumthala panayannar kavu','Kerala','kollam',9.030433,76.550267,70,NULL,NULL),
(305,'Chengazhakathukavu','Kerala','kollam',9.023600,76.547383,88,NULL,NULL),
(306,'Kollaka deveekshetra kavu','Kerala','kollam',9.045317,76.544333,17,NULL,NULL),
(307,'Mukkonathukavu','Kerala','kollam',9.024867,76.540917,60,NULL,NULL),
(308,'Chavarakkal kavu','Kerala','kollam',9.041517,76.540400,60,NULL,NULL),
(309,'Kottan Kullangara devishekthrakavu','Kerala','kollam',8.979867,76.535117,5,NULL,NULL),
(310,'Pattoor Kavu','Kerala','kollam',8.983033,76.556000,62,NULL,NULL),
(311,'Panachaikkal Kavu','Kerala','kollam',8.984983,76.556000,15,NULL,NULL),
(312,'KavanalKavu','Kerala','kollam',8.988217,76.546850,20,NULL,NULL),
(313,'AmmaveettilKavu','Kerala','kollam',8.993850,76.557383,10,NULL,NULL),
(314,'KannethumKaduKavu','Kerala','kollam',8.979883,76.539400,15,NULL,NULL),
(315,'Vlakkottu Kudumbhakavu','Kerala','kollam',8.988500,76.537950,6,NULL,NULL),
(316,'Shivashewkthram Thottadthimadam Kavu','Kerala','kollam',8.948583,76.537233,5,NULL,NULL),
(317,'Vayalolil Devishekthram','Kerala','kollam',8.948750,76.538333,5,NULL,NULL),
(318,'Padinjatte veettil Sree Durga Devi Temple Sarpa Kavu','Kerala','kollam',8.858567,76.626633,15,NULL,NULL),
(319,'Vaalathunkal - Vaalara Kavu','Kerala','kollam',8.862183,76.625217,200,NULL,NULL),
(320,'Moothedathu Kavu Family Kavu','Kerala','kollam',8.868933,76.637183,18,NULL,NULL),
(321,'Elanjikkal Kavu Public Committee','Kerala','kollam',8.866283,76.614800,40,NULL,NULL),
(322,'Vaarazhikathu Kavu Sree Mahaganapathy Temple','Kerala','kollam',8.866317,76.615517,8,NULL,NULL),
(323,'Thekkevila Thekkubhagam Kalari Moorthy Kavu','Kerala','kollam',8.865450,76.613583,5,NULL,NULL),
(324,'Kunninmel Kavu','Kerala','kollam',8.859367,76.615617,30,NULL,NULL),
(325,'Anchayathu Kavu (Madan Kavu)','Kerala','kollam',8.865450,76.606183,15,NULL,NULL),
(326,'Kavadi Kavu Kalari Siva Temple','Kerala','kollam',8.868467,76.603900,64,NULL,NULL),
(327,'Puthukalil Kavu','Kerala','kollam',8.870800,76.601967,35,NULL,NULL),
(328,'Ayyappa Temple kavu','Kerala','kollam',8.899983,76.585617,50,NULL,NULL),
(329,'Kunnathu kavu','Kerala','kollam',8.893050,76.603367,7,NULL,NULL),
(330,'Kelethu Kavu','Kerala','kollam',8.901967,76.601533,20,NULL,NULL),
(331,'Uliyakovil Sreedurga bhagavathy temple kavu','Kerala','kollam',8.906333,76.606933,150,NULL,NULL),
(332,'Kollathamma mahakshethra kavu','Kerala','kollam',8.911333,76.608950,80,NULL,NULL),
(333,'Kattil Nagarukavu','Kerala','kollam',8.896200,76.576400,10,NULL,NULL),
(334,'Sree mulankadakam devi temple kavu','Kerala','kollam',8.896867,76.566567,30,NULL,NULL),
(335,'Naanamacham Veedu kavu','Kerala','kollam',8.892667,76.580700,20,NULL,NULL),
(336,'Oolayil Madom Kavu','Kerala','kollam',8.897517,76.580033,12,NULL,NULL),
(337,'Vanadurgadevi temple kavu','Kerala','kollam',8.901867,76.577100,10,NULL,NULL),
(338,'Kulangara Madankavu','Kerala','kollam',8.842583,76.641100,12,NULL,NULL),
(339,'Kallumoottil Appoopan Kavu','Kerala','kollam',8.835200,76.655600,5,NULL,NULL),
(340,'Vaarayil Kavu Sree Muhoorthy Siva Temple','Kerala','kollam',8.851100,76.656300,12,NULL,NULL),
(341,'Thonnalil Moorthy Temple Kavu','Kerala','kollam',8.852417,76.656683,8,NULL,NULL),
(342,'Mullukadu Bhagavathy Temple Kavu','Kerala','kollam',8.848067,76.645967,10,NULL,NULL),
(343,'Vaarissery Kavu','Kerala','kollam',8.860400,76.640500,25,NULL,NULL),
(344,'Puthicherry Kavu','Kerala','kollam',8.862133,76.640300,40,NULL,NULL),
(345,'Valiyaveettil Kavu','Kerala','kollam',8.862967,76.655617,10,NULL,NULL),
(346,'Sree Durgadevi Temple Kavu','Kerala','kollam',8.804250,76.667500,32,NULL,NULL),
(347,'Puthiyakavu','Kerala','kollam',8.796267,76.666200,47,NULL,NULL),
(348,'Ollaal Siva Temple Kavu','Kerala','kollam',8.815333,76.675417,52,NULL,NULL),
(349,'Klavara Kavu','Kerala','kollam',8.815250,76.676767,20,NULL,NULL),
(350,'Kuzhikarathazham Sree Dharmasastha','Kerala','kollam',8.817400,76.664617,45,NULL,NULL),
(351,'Ezhiyathu Kavu Durga Devi Temple Kavu','Kerala','kollam',8.807533,76.663733,30,NULL,NULL),
(352,'Aayiravally Mahadeva Temple Kavu','Kerala','kollam',8.817633,76.681250,100,NULL,NULL),
(353,'Sree Kadiyathi Appopan Kavu','Kerala','kollam',8.810067,76.700050,5,NULL,NULL),
(354,'Konathu Kavu','Kerala','kollam',8.816400,76.697733,7,NULL,NULL),
(355,'Punnekulam Sree Madan Kavu','Kerala','kollam',8.799083,76.706100,50,NULL,NULL),
(362,'Sree kurayippasseri kshetram vaka kavu','Kerala','alapuzza',9.160028,76.422889,10,NULL,NULL),
(363,'Mangala kurichikkal mahadevi kshetram kavu','Kerala','alapuzza',9.233333,76.422139,15,NULL,NULL),
(364,'Kallasseri mangalam edaykka kshetram kavu','Kerala','alapuzza',9.229083,76.422222,10,NULL,NULL),
(365,'Porkkali sree mahadeva kshetram vaka kavu','Kerala','alapuzza',9.296167,76.392806,15,NULL,NULL),
(366,'Thrikunna puzha sreedharmmasastha kshetram kavu','Kerala','alapuzza',9.256639,76.409667,10,NULL,NULL),
(367,'Pulayil thayil sarppa kavu','Kerala','alapuzza',9.248833,76.418306,10,NULL,NULL),
(368,'Kainasseril kudumba kavu','Kerala','alapuzza',9.271028,76.403389,10,NULL,NULL),
(369,'Valiyaparmbil devi kshetram kavu','Kerala','alapuzza',9.262444,76.417944,25,NULL,NULL),
(370,'Thuruthel kudumba kavu','Kerala','alapuzza',9.247444,76.417861,10,NULL,NULL),
(372,'Pandyalakavu','Kerala','alapuzza',9.353317,76.366767,30,NULL,NULL),
(373,'Parambil Sree bhagavathi kshetram kavu','Kerala','alapuzza',9.372150,76.358133,5,NULL,NULL),
(374,'Kizhakkeveettil Kavu','Kerala','alapuzza',9.374950,76.359867,5,NULL,NULL),
(375,'Thekke Attathu Kavu','Kerala','alapuzza',9.367033,76.360500,15,NULL,NULL),
(376,'Kavil Siva Nagarajakshetram kavu','Kerala','alapuzza',9.358517,76.364250,10,NULL,NULL),
(377,'Thamathu tharayil kudumbaskhetram kavu','Kerala','alapuzza',9.343333,76.370550,8,NULL,NULL),
(378,'Panakktharakavu','Kerala','alapuzza',9.334183,76.378333,8,NULL,NULL),
(379,'Kunnuthura Sarppakavu','Kerala','alapuzza',9.321567,76.382283,15,NULL,NULL),
(380,'Payannar kavu devi kshetram','Kerala','alapuzza',9.375817,76.373200,10,NULL,NULL),
(382,'Ambalapuzha kshetramvaka sarpakavu','Kerala','alapuzza',9.381917,76.369017,60,NULL,NULL),
(383,'Kizhakkethundathil sarppakavu Pvt','Kerala','alapuzza',9.381150,76.364083,5,NULL,NULL),
(384,'Keecherikudumbhakavu','Kerala','alapuzza',9.391883,76.359567,4,NULL,NULL),
(386,'Pazhoor Kavu','Kerala','alapuzza',9.405900,76.357100,8,NULL,NULL),
(387,'Thekkekudathinkkalkavu','Kerala','alapuzza',9.420967,76.356867,11,NULL,NULL),
(388,'Mallasserikavu','Kerala','alapuzza',9.387417,76.357233,10,NULL,NULL),
(390,'Parappil sarppakavu','Kerala','alapuzza',9.434383,76.352383,12,NULL,NULL),
(391,'Parappil sarppakavu','Kerala','alapuzza',9.432517,76.347317,8,NULL,NULL),
(392,'Kizhakemundakkadu sarpakavu','Kerala','alapuzza',9.439133,76.349717,5,NULL,NULL),
(393,'Nandhikkadusarpakkavu','Kerala','alapuzza',9.440767,76.350400,8,NULL,NULL),
(394,'Puthupurakkal paradevatha','Kerala','alapuzza',9.442400,76.351967,7,NULL,NULL),
(395,'Thrayilsarpakavu','Kerala','alapuzza',9.441033,76.352883,9,NULL,NULL),
(396,'Annandhalayamsarpakav u','Kerala','alapuzza',9.439267,76.347750,12,NULL,NULL),
(397,'KottaramSreedevikavu','Kerala','alapuzza',9.438917,76.351150,5,NULL,NULL),
(398,'Pathma nivaskavu','Kerala','alapuzza',9.425183,76.348333,15,NULL,NULL),
(400,'Chiramel Sarppakavu','Kerala','alapuzza',9.525250,76.348467,13,NULL,NULL),
(401,'Vailoppilli Illam Nagarajakavu','Kerala','alapuzza',9.523800,76.349400,10,NULL,NULL),
(402,'Tharayil Sarppakavu Kudumbam','Kerala','alapuzza',9.524233,76.338417,6,NULL,NULL),
(403,'Vadikattusarppakavu','Kerala','alapuzza',9.513317,76.332367,10,NULL,NULL),
(404,'Valiyaparambu sree bhoothakala Nagayakshi kavu','Kerala','alapuzza',9.519367,76.346633,14,NULL,NULL),
(405,'Varyammurikaarikal Sarppasanketham','Kerala','alapuzza',9.520517,76.348483,80,NULL,NULL),
(406,'Edavazhikkal Kovilakam Kavu Kudumbam','Kerala','alapuzza',9.522317,76.352133,10,NULL,NULL),
(407,'Kuruvikkal Sarppakavu','Kerala','alapuzza',9.518483,76.349567,10,NULL,NULL),
(408,'Kalarikkal Kavu','Kerala','alapuzza',9.517967,76.342550,7,NULL,NULL),
(409,'Theerthasseril Devi kshertakavu','Kerala','alapuzza',9.519967,76.322733,40,NULL,NULL),
(410,'Mangalathukavu','Kerala','alapuzza',9.513350,76.320133,8,NULL,NULL),
(411,'Kunnumelparambu Kavu','Kerala','alapuzza',9.506450,76.339217,173,NULL,NULL),
(412,'PananvelilKudumbhakavu','Kerala','alapuzza',9.511767,76.343617,19,NULL,NULL),
(413,'Vinayakkakovilsarpakavu','Kerala','alapuzza',9.515633,76.314417,10,NULL,NULL),
(414,'Manjadiparambu Sarppakavu','Kerala','alapuzza',9.489500,76.347283,5,NULL,NULL),
(415,'Puthenmadhom kavu Kudumbakavu','Kerala','alapuzza',9.497350,76.346283,5,NULL,NULL),
(416,'Punnakkalkavu Kudumbakavu','Kerala','alapuzza',9.484333,76.333217,25,NULL,NULL),
(417,'Angiliparambhukavu K','Kerala','alapuzza',9.474450,76.332633,35,NULL,NULL),
(418,'Maruthambikkal Mukhyakavu','Kerala','alapuzza',9.470933,76.333633,15,NULL,NULL),
(419,'Chakkuparambil kavu','Kerala','alapuzza',9.477550,76.343750,6,NULL,NULL),
(420,'Valathattu kavu','Kerala','alapuzza',9.482417,76.346933,5,NULL,NULL),
(422,'Pathiyilpazhoormananaga rkavu','Kerala','alapuzza',9.456450,76.348400,5,NULL,NULL),
(423,'Karivellilsreebhadhirasarp aks hethram','Kerala','alapuzza',9.449383,76.344967,9,NULL,NULL),
(425,'Padippurakkal Kavu','Kerala','alapuzza',9.541983,76.339800,15,NULL,NULL),
(426,'Padipurakkal sree nagarajakshetram kavu','Kerala','alapuzza',9.535433,76.340433,11,NULL,NULL),
(427,'Valayamchirayil Sree sarppadharma deivaksherakavu','Kerala','alapuzza',9.541900,76.339800,9,NULL,NULL),
(428,'Kalikattu kavu','Kerala','alapuzza',9.534067,76.349350,24,NULL,NULL),
(429,'Valnjavazhikal Nalamadhom kshetakavu','Kerala','alapuzza',9.539250,76.329700,12,NULL,NULL),
(430,'Vadakkalisseril Sree bhoothakala nagyakshi Bhagavathi kshetram','Kerala','alapuzza',9.522667,76.319317,33,NULL,NULL),
(432,'Muzhungayil Sarppakavu','Kerala','alapuzza',9.540650,76.317517,5,NULL,NULL),
(433,'Thekkumthalakkal Kavu','Kerala','alapuzza',9.552300,76.315350,10,NULL,NULL),
(434,'Neythalil chiraparambil kavu','Kerala','alapuzza',9.543767,76.312550,10,NULL,NULL),
(435,'Asariparambu Sarppakavu','Kerala','alapuzza',9.559383,76.323800,19,NULL,NULL),
(436,'Anjilichuvattil Sreebalabhadradevikshet ram kavu','Kerala','alapuzza',9.534217,76.321383,35,NULL,NULL),
(437,'Vadakkethalakkal Sreenagarajakshetramkavu','Kerala','alapuzza',9.535717,76.321717,218,NULL,NULL),
(438,'Vadakkethalaykkal thayyil Sree nagarajakshetram kavu','Kerala','alapuzza',9.541100,76.319433,40,NULL,NULL),
(439,'Vadakkethalaykkal Thayyil Kavu','Kerala','alapuzza',9.541533,76.319183,40,NULL,NULL),
(440,'Vadakkethalaykkal thayyal vadakkekuttu kavu','Kerala','alapuzza',9.542467,76.318900,12,NULL,NULL),
(441,'Vadakkethalaykkal velikkakathu','Kerala','alapuzza',9.542467,76.318900,30,NULL,NULL),
(442,'Vadakkethalakkal Karingattukuzhikavu','Kerala','alapuzza',9.542267,76.323317,30,NULL,NULL),
(443,'Velikkakathu Nagarajakavu Kudumbam','Kerala','alapuzza',9.543933,76.323550,11,NULL,NULL),
(444,'Madhathil Durga bhadrakali kshetramkavu','Kerala','alapuzza',9.546467,76.315200,10,NULL,NULL),
(445,'Chirayil Sarppakavu Kudumbam','Kerala','alapuzza',9.552283,76.320483,8,NULL,NULL),
(446,'Karumbikavu','Kerala','Alapuzza',9.545950,76.318867,10,NULL,NULL),
(447,'Kaduvettiyil kavu','Kerala','Alapuzza',9.551817,76.315383,15,NULL,NULL),
(449,'Aachimankavu','Kerala','Alapuzza',9.626783,76.311233,8,NULL,NULL),
(450,'Karukambarambil Kavu','Kerala','Alapuzza',9.626567,76.308883,10,NULL,NULL),
(451,'Annapoornneswari kshetram','Kerala','Alapuzza',9.629267,76.310817,30,NULL,NULL),
(452,'Kadathanathukavu','Kerala','Alapuzza',9.629267,76.310817,10,NULL,NULL),
(453,'Kadathanathukavu','Kerala','Alapuzza',9.627650,76.310217,10,NULL,NULL),
(454,'Lahayil Kavu','Kerala','Alapuzza',9.620333,76.318650,10,NULL,NULL),
(455,'Manathamparambu','Kerala','Alapuzza',9.624167,76.318933,10,NULL,NULL),
(456,'Malayekkal Kudumbakshetram','Kerala','Alapuzza',9.606767,76.318550,30,NULL,NULL),
(457,'Chakkanattu Bhoothakala nagayakshi kshethram','Kerala','Alapuzza',9.609517,76.319550,40,NULL,NULL),
(458,'Pooppallikavu','Kerala','Alapuzza',9.610150,76.318283,10,NULL,NULL),
(459,'Asariparambu kudumbakavu','Kerala','Alapuzza',9.609267,76.315533,10,NULL,NULL),
(460,'Edathara kudumbakavu','Kerala','Alapuzza',9.623017,76.328017,10,NULL,NULL),
(461,'Arasseri Mangalam','Kerala','Alapuzza',9.615333,76.318767,10,NULL,NULL),
(463,'Kalappuraykkal Kudumba','Kerala','Alapuzza',9.610383,76.315167,10,NULL,NULL),
(464,'Mallikkattukavu','Kerala','Alapuzza',9.613133,76.310150,10,NULL,NULL),
(465,'Pallikkavu','Kerala','Alapuzza',9.624417,76.315633,10,NULL,NULL),
(466,'Kavaratikavu','Kerala','Alapuzza',9.630200,76.305217,10,NULL,NULL),
(467,'Kolathuvellikavu','Kerala','Alapuzza',9.641700,76.314200,30,NULL,NULL),
(468,'Adakkuzhikkattu Kootukudumba yogam kavu I','Kerala','Alapuzza',9.635817,76.312583,15,NULL,NULL),
(469,'Adakkuzhikkattu Kootukudumba yogam kavu II','Kerala','Alapuzza',9.636267,76.313033,15,NULL,NULL),
(470,'Adakkuzhikkattu Kootukudumba yogam kavu III','Kerala','Alapuzza',9.636733,76.313067,30,NULL,NULL),
(471,'Attakkuzhikkadu koottukudumbayogam IV','Kerala','Alapuzza',9.637067,76.300000,25,NULL,NULL),
(472,'Kodumgalam','Kerala','Alapuzza',9.640167,76.309450,30,NULL,NULL),
(473,'Aramuriyil kavu','Kerala','Alapuzza',9.637950,76.309800,25,NULL,NULL),
(474,'Prasannalayam kavu','Kerala','Alapuzza',9.616667,76.316667,40,NULL,NULL),
(475,'Kumbhampallil kavu','Kerala','Alapuzza',9.616667,76.300000,10,NULL,NULL),
(476,'Kulakkattu sarppalayam','Kerala','Alapuzza',9.616667,76.316667,20,NULL,NULL),
(477,'Karikkal kavu','Kerala','Alapuzza',9.600000,76.300000,15,NULL,NULL),
(478,'Thekke menam parambhu kavu','Kerala','Alapuzza',9.616667,76.300000,25,NULL,NULL),
(479,'Menam parambhil kavu','Kerala','Alapuzza',9.616667,76.300000,10,NULL,NULL),
(480,'Valiyakaryattu kavu','Kerala','Alapuzza',9.616667,76.300000,75,NULL,NULL),
(481,'Vazhvelil kavu','Kerala','alapuzza',9.616667,76.300000,10,NULL,NULL),
(483,'Vediyathukavu','Kerala','alapuzza',9.616667,76.300000,20,NULL,NULL),
(484,'Kizhakkevadasseril','Kerala','alapuzza',9.607083,76.311833,10,NULL,NULL),
(485,'Chettikkattu kavu','Kerala','alapuzza',9.606833,76.311217,10,NULL,NULL),
(486,'Aambadi','Kerala','alapuzza',9.608933,76.310017,15,NULL,NULL),
(488,'Maniyapozhayil','Kerala','alapuzza',9.608400,76.310083,10,NULL,NULL),
(489,'Maniyapozhayil','Kerala','alapuzza',9.608183,76.309933,10,NULL,NULL),
(490,'Chettikkattu Kudumbakav','Kerala','alapuzza',9.608133,76.309833,40,NULL,NULL),
(491,'Veliyanganadu kavu','Kerala','alapuzza',9.626050,76.311717,15,NULL,NULL),
(492,'Munduparambu Kavu','Kerala','alapuzza',9.625167,76.312250,15,NULL,NULL),
(493,'Chettikkattu kavu','Kerala','alapuzza',9.607417,76.307783,30,NULL,NULL),
(494,'Anjuparambil sarppakavu','Kerala','alapuzza',9.614117,76.305183,10,NULL,NULL),
(495,'Kootunkal Sarppakavu','Kerala','alapuzza',9.613067,76.305233,10,NULL,NULL),
(496,'Maniyapozhikavu','Kerala','alapuzza',9.608783,76.309083,10,NULL,NULL),
(497,'Devaswam Thyyil kavu I','Kerala','alapuzza',9.615050,76.310850,10,NULL,NULL),
(498,'Devaswam Thayyil Kavu II','Kerala','alapuzza',9.615017,76.311100,10,NULL,NULL),
(500,'Changaparambu Kudumbadevi kshetram','Kerala','alapuzza',9.675867,76.302200,10,NULL,NULL),
(501,'Thenathukavu','Kerala','alapuzza',9.650200,76.311433,30,NULL,NULL),
(502,'Kollammaparambu Sarppakavu','Kerala','alapuzza',9.645783,76.308167,10,NULL,NULL),
(503,'Karuvayil Devaswam Kshetra kavu','Kerala','alapuzza',9.650000,76.316667,15,NULL,NULL),
(504,'Kalathil Kudumbakshetrakavu','Kerala','alapuzza',9.651639,76.323500,18,NULL,NULL),
(505,'Koannaamkadu Sree mahavishnu kshetrakavu','Kerala','alapuzza',9.646833,76.310167,20,NULL,NULL),
(506,'Kuttikkattumadam kshetramkavu','Kerala','alapuzza',9.648778,76.300000,60,NULL,NULL),
(507,'Kaaraalanchirakavu','Kerala','alapuzza',9.651278,76.308472,15,NULL,NULL),
(508,'Areeparambathu madhom','Kerala','alapuzza',9.655361,76.315417,10,NULL,NULL),
(509,'Manayathu Sarppa Paradevatha kshetrakavu','Kerala','alapuzza',9.667083,76.326750,16,NULL,NULL),
(510,'Kadavil Sarppakavu','Kerala','alapuzza',9.656750,76.314861,10,NULL,NULL),
(511,'Punnavelil Sarppakavu','Kerala','alapuzza',9.657306,76.324750,10,NULL,NULL),
(512,'Puthezhathukavu','Kerala','alapuzza',9.666917,76.330139,20,NULL,NULL),
(513,'Pullayil Illam Kavu','Kerala','alapuzza',9.668861,76.328583,20,NULL,NULL),
(514,'Vettathuvelikavu','Kerala','alapuzza',9.652444,76.327750,10,NULL,NULL),
(515,'Thayyil Kalarikavu','Kerala','alapuzza',9.648444,76.319417,100,NULL,NULL),
(516,'Chethikkattu Kavu','Kerala','alapuzza',9.652222,76.319750,30,NULL,NULL),
(518,'Therakattu sarppakavu','Kerala','alapuzza',9.693083,76.300224,30,NULL,NULL),
(519,'Chennothara Sarppakavu','Kerala','alapuzza',9.695967,76.305933,10,NULL,NULL),
(520,'Etty Achudhankavu','Kerala','alapuzza',9.683333,76.300000,26,NULL,NULL),
(521,'Vazhatharakavu','Kerala','alapuzza',9.683333,76.300000,10,NULL,NULL),
(522,'Sree Krishna swamy kshethram Maraam veetilkavu','Kerala','alapuzza',9.683333,76.300000,24,NULL,NULL),
(523,'Eriyaparambilkavu','Kerala','alapuzza',9.683333,76.300000,15,NULL,NULL),
(524,'Chadayan kadu','Kerala','alapuzza',9.683333,76.300000,26,NULL,NULL),
(525,'Kuruppumparambu kavu','Kerala','alapuzza',9.683333,76.300000,22,NULL,NULL),
(526,'Kochanikadu sarppakavu','Kerala','alapuzza',9.683333,76.300000,18,NULL,NULL),
(527,'Panaikkal kshethram kavu','Kerala','alapuzza',9.683333,76.283333,74,NULL,NULL),
(528,'Kochupadathuparambhuk avu','Kerala','alapuzza',9.700000,76.300000,15,NULL,NULL),
(529,'Thottungal kavu','Kerala','alapuzza',9.683333,76.300000,60,NULL,NULL),
(530,'Thachuparambhu kshhethram kavu','Kerala','alapuzza',9.683333,76.300000,100,NULL,NULL),
(531,'Maliyekkal parambhu','Kerala','alapuzza',9.700000,76.283333,15,NULL,NULL),
(532,'Kalavanchira sarppakavu','Kerala','alapuzza',9.700000,76.300000,10,NULL,NULL),
(533,'Kochumatom Kudunba kshethr kavu','Kerala','alapuzza',9.683333,76.300000,10,NULL,NULL),
(535,'Kaithakkattukavu','Kerala','alapuzza',9.700000,76.300000,15,NULL,NULL),
(536,'Kollelil kudumbakavu','Kerala','alapuzza',9.700000,76.300000,10,NULL,NULL),
(537,'Mariyathukavu','Kerala','alapuzza',9.700000,76.300000,12,NULL,NULL),
(538,'Vadakkeveettilkavu','Kerala','alapuzza',9.716667,76.283333,15,NULL,NULL),
(540,'Pallikkalarppadaivasanketham','Kerala','alapuzza',9.716667,76.283333,10,NULL,NULL),
(541,'Nulayakkadukshetravum kavum','Kerala','alapuzza',9.700000,76.300000,40,NULL,NULL),
(542,'Kudavanthumtharakavu','Kerala','alapuzza',9.733333,76.300000,10,NULL,NULL),
(543,'Veliparambu kavu','Kerala','alapuzza',9.721583,76.309900,12,NULL,NULL),
(544,'Nikarthil Sarppa daivakudumbayogam','Kerala','alapuzza',9.717700,76.308067,10,NULL,NULL),
(545,'Karukasserimadhom','Kerala','alapuzza',9.712167,76.309117,10,NULL,NULL),
(546,'Ayyanadukudumbaskhetram','Kerala','alapuzza',9.700000,76.300000,14,NULL,NULL),
(547,'Chathakkeri khandakarnnakshetram','Kerala','alapuzza',9.700000,76.300000,15,NULL,NULL),
(548,'Koottunkalkavu','Kerala','alapuzza',9.700000,76.300000,40,NULL,NULL),
(549,'Vadakke Arakkal','Kerala','alapuzza',9.716667,76.283333,15,NULL,NULL),
(550,'Thekke Araykkal','Kerala','alapuzza',9.716667,76.283333,20,NULL,NULL),
(551,'Kizhakke konattusseri kavu','Kerala','alapuzza',9.700000,76.300000,40,NULL,NULL),
(552,'Sastharasarppakavu','Kerala','alapuzza',9.733333,76.300000,20,NULL,NULL),
(553,'Kavakkadu kavu','Kerala','alapuzza',9.733333,76.316667,20,NULL,NULL),
(554,'Thottatharakavu','Kerala','alapuzza',9.700000,76.300000,20,NULL,NULL),
(556,'Kodoor Sarppakavu','Kerala','alapuzza',9.784117,76.321900,8,NULL,NULL),
(557,'Kodoor Sarppakavu','Kerala','alapuzza',9.783183,76.325650,10,NULL,NULL),
(558,'Valavanadu sreebhadrakalikshetram','Kerala','alapuzza',9.766850,76.321067,18,NULL,NULL),
(559,'Valyarakshetrakavu','Kerala','alapuzza',9.750000,76.316667,10,NULL,NULL),
(560,'Pattathali kshetrakavu','Kerala','alapuzza',9.750000,76.316667,20,NULL,NULL),
(561,'Kannuvallilkavu','Kerala','alapuzza',9.750000,76.316667,10,NULL,NULL),
(562,'Koonasseri skhetrakavu','Kerala','alapuzza',9.750000,76.316667,20,NULL,NULL),
(563,'Visharam sarppakkavu','Kerala','alapuzza',9.750000,76.316667,10,NULL,NULL),
(564,'Idathilmadhom Kavu','Kerala','alapuzza',9.750817,76.330333,30,NULL,NULL),
(565,'Varumbanathukavu','Kerala','alapuzza',9.783333,76.316667,15,NULL,NULL),
(566,'Thekeveedil kavu','Kerala','alapuzza',9.765033,76.314650,12,NULL,NULL),
(567,'Kannezhathusarpakavu','Kerala','alapuzza',9.766617,76.314783,10,NULL,NULL),
(569,'Kottamvelil kshethramkavu','Kerala','alapuzza',9.788583,76.314167,15,NULL,NULL),
(570,'Pulithara kudumbhakavu','Kerala','alapuzza',9.783883,76.312967,20,NULL,NULL),
(571,'Aamedethukavu','Kerala','alapuzza',9.787900,76.317200,15,NULL,NULL),
(572,'Marottikkal sarppakavu','Kerala','alapuzza',9.778933,76.305183,10,NULL,NULL),
(573,'Vallanthara kavu','Kerala','alapuzza',9.680783,76.307000,30,NULL,NULL),
(574,'Ananthamandhiram Kavu','Kerala','alapuzza',9.786667,76.316650,10,NULL,NULL),
(575,'Vettakullangarakavu','Kerala','alapuzza',9.784067,76.315500,40,NULL,NULL),
(576,'Kadamattu Kudumbhakavu','Kerala','alapuzza',9.780667,76.319233,15,NULL,NULL),
(577,'Kadamattu Kudumbhakavu','Kerala','alapuzza',9.781017,76.319783,20,NULL,NULL),
(578,'Thevalakattukavu','Kerala','alapuzza',9.779633,76.319350,15,NULL,NULL),
(579,'Kottapallilkavu','Kerala','alapuzza',9.775617,76.319450,15,NULL,NULL),
(580,'Kadattusarpakavu','Kerala','alapuzza',9.776583,76.319933,10,NULL,NULL),
(581,'Ottarathu sarpakavu','Kerala','alapuzza',9.770700,76.314317,15,NULL,NULL),
(583,'Padinjittezhathu kudumbha ksethramkavu','Kerala','alapuzza',9.804850,76.316583,150,NULL,NULL),
(584,'Konathezhathu sarppakavu','Kerala','alapuzza',9.804367,76.321117,60,NULL,NULL),
(585,'Sree muthelindharma daivakshethram kavu','Kerala','alapuzza',9.802417,76.324767,15,NULL,NULL),
(586,'Sreedarma sasthaksethram kavu','Kerala','alapuzza',9.798800,76.324233,60,NULL,NULL),
(587,'Changazhathu kudumbha kshethrakavu','Kerala','alapuzza',9.791383,76.303017,15,NULL,NULL),
(588,'Chagarathu kudumbhakavu','Kerala','alapuzza',9.790250,76.302750,40,NULL,NULL),
(589,'Panayamtharakudumbha kshe thram','Kerala','alapuzza',9.805533,76.311583,13,NULL,NULL),
(590,'Vellakathrakavu','Kerala','alapuzza',9.807183,76.309933,20,NULL,NULL),
(592,'Panikkaraparambhu','Kerala','alapuzza',9.808817,76.311950,12,NULL,NULL),
(593,'Kollarezhathudevikshethram','Kerala','alapuzza',9.808300,76.311517,10,NULL,NULL),
(594,'Allavelilchirakavu','Kerala','alapuzza',9.809667,76.312583,10,NULL,NULL),
(596,'Ponneth kavu','Kerala','ernakulam',9.969150,76.290000,6,NULL,NULL),
(597,'Allaparampil Raksheswari kavu','Kerala','ernakulam',10.904167,76.204133,47,NULL,NULL),
(598,'Vayalil kavu','Kerala','ernakulam',10.903917,76.204017,75,NULL,NULL),
(599,'Thiruvalluoor Sarppakavu','Kerala','thrisuur',10.228050,76.181367,5,NULL,NULL),
(600,'Ponathu Sarppakavu','Kerala','thrisuur',10.232950,76.148550,10,NULL,NULL),
(601,'Kudumbi samudayam sarppakavu','Kerala','thrisuur',10.241133,76.146367,37,NULL,NULL),
(602,'Karakkottu Sarppakavu','Kerala','thrisuur',10.264083,76.145133,20,NULL,NULL),
(603,'Aikkara Sarpakavu','Kerala','thrisuur',10.260117,76.150800,10,NULL,NULL),
(604,'Kizhakevallapil Sarpakavu','Kerala','thrisuur',10.258867,76.140517,5,NULL,NULL),
(605,'Koromparambhi Sarpakavu','Kerala','thrisuur',10.263283,76.146200,15,NULL,NULL),
(606,'Kokkottu Sarpakavu','Kerala','thrisuur',10.259550,76.144733,5,NULL,NULL),
(607,'Ettuveedil sarpakavu','Kerala','thrisuur',10.270633,76.145400,12,NULL,NULL),
(608,'Aayappankavu','Kerala','thrisuur',10.271583,76.148117,5,NULL,NULL),
(609,'KochikkaParambhilsarpakavu','Kerala','thrisuur',10.296250,76.134217,3,NULL,NULL),
(610,'Killikkulangara','Kerala','thrisuur',10.278200,76.136150,15,NULL,NULL),
(611,'Pandaraparambhil House','Kerala','thrisuur',10.307983,76.156933,5,NULL,NULL),
(612,'KalarikkalSarpakavu','Kerala','thrisuur',10.308700,76.133933,5,NULL,NULL),
(613,'Chemmathi kavu','Kerala','thrisuur',10.311233,76.136550,6,NULL,NULL),
(614,'Padinjaekuttu','Kerala','thrisuur',10.297883,76.135383,5,NULL,NULL),
(615,'Palliyil Sarppakavu','Kerala','thrisuur',10.334917,76.127367,15,NULL,NULL),
(616,'Mundasseri Nagakavu','Kerala','thrisuur',10.336433,76.133117,10,NULL,NULL),
(617,'Koottalaparambu Sarppakavu','Kerala','thrisuur',10.340667,76.127100,10,NULL,NULL),
(618,'Malattin Sarppakavu','Kerala','thrisuur',10.330833,76.147767,17,NULL,NULL),
(619,'Kulathu Parambu Sarppakavu','Kerala','thrisuur',10.328217,76.144550,30,NULL,NULL),
(620,'Kottarathu Sarppakavu','Kerala','thrisuur',10.333000,76.146683,26,NULL,NULL),
(621,'Mambarambathu Kshet rakavu','Kerala','thrisuur',10.334633,76.128333,5,NULL,NULL),
(622,'Kanjirapparambil Sarppakavu','Kerala','thrisuur',10.338700,76.130217,6,NULL,NULL),
(623,'Thalappilli Sarppakavu','Kerala','thrisuur',10.353333,76.117700,4,NULL,NULL),
(624,'Vellambathu Sarppakavu','Kerala','thrisuur',10.359300,76.142517,5,NULL,NULL),
(625,'Chittezhathu Sarppakavu','Kerala','thrisuur',10.352967,76.131867,3,NULL,NULL),
(626,'Adipparambusarppakavu','Kerala','thrisuur',10.404783,76.102867,30,NULL,NULL),
(627,'Aryamparambilsarppakkavu','Kerala','thrisuur',10.406283,76.099883,30,NULL,NULL),
(628,'Sivamangalamkavu','Kerala','thrisuur',10.400667,76.102450,300,NULL,NULL),
(629,'Adhiyarathusarppakkavu','Kerala','thrisuur',10.396750,76.109700,15,NULL,NULL),
(630,'Nediyiruppil Sarpakavu','Kerala','thrisuur',10.368367,76.105050,4,NULL,NULL),
(631,'Komundackal Sarpakav','Kerala','thrisuur',10.372783,76.114383,10,NULL,NULL),
(632,'Unniyaran Purakkal Sarppakavu','Kerala','thrisuur',10.419983,76.089833,10,NULL,NULL),
(633,'Pannipulathusarppakavu','Kerala','thrisuur',10.408933,76.099033,15,NULL,NULL),
(634,'Pulakkal Parambil Sarpakavu','Kerala','thrisuur',10.409050,76.093033,15,NULL,NULL),
(635,'Pozhikkadavil Sarppakkavu','Kerala','thrisuur',10.422917,76.092750,10,NULL,NULL),
(636,'Kallundal Sarppakkavu','Kerala','thrisuur',10.408100,76.105400,10,NULL,NULL),
(637,'Panakkal Kurumbepadathu Sarppakkavu','Kerala','thrisuur',10.408333,76.091950,8,NULL,NULL),
(638,'Iyyani Sarppakavu','Kerala','thrisuur',10.423817,76.107917,8,NULL,NULL),
(639,'Ilayedathu Sarppakavu','Kerala','thrisuur',10.409400,76.114750,6,NULL,NULL),
(640,'Ilayedathu Sarppakavu','Kerala','thrisuur',10.409117,76.114867,10,NULL,NULL),
(641,'Changaramkulathu Sarppakavu','Kerala','thrisuur',10.413550,76.108733,5,NULL,NULL),
(642,'Sreedharmasastha Kshetram Sarppakkavu','Kerala','thrisuur',10.442217,76.092500,10,NULL,NULL),
(643,'Nambiyathu Sarppakkavu','Kerala','thrisuur',10.435917,76.079233,30,NULL,NULL),
(644,'Aaaparambathu Sarppakkavu','Kerala','thrisuur',10.446950,76.085467,8,NULL,NULL),
(645,'Ayinikkattu Parambil Kavu','Kerala','thrisuur',10.428317,76.086933,20,NULL,NULL),
(646,'Poyyara Sarppakkavu','Kerala','thrisuur',10.475567,76.082167,10,NULL,NULL),
(647,'Ittikkavttu Kalappurakkal Sarppakavu','Kerala','thrisuur',10.486883,76.065533,266,NULL,NULL),
(648,'Puthilathu Sarppakkavu','Kerala','thrisuur',10.481867,76.084733,40,NULL,NULL),
(649,'Palliyana Sarppakkavu','Kerala','thrisuur',10.479033,76.088600,217,NULL,NULL),
(650,'Kottayi Chalippattu Sarppakkavu','Kerala','thrisuur',10.486683,76.066667,10,NULL,NULL),
(651,'Kozhipparambil Sarppakkavu','Kerala','thrisuur',10.483333,76.066667,10,NULL,NULL),
(652,'Sankaramangalam Devikshetra Sarppakkavu','Kerala','thrisuur',10.466667,76.066667,20,NULL,NULL),
(653,'Matathilparambil Sarppakkavu','Kerala','thrisuur',10.466667,76.066667,20,NULL,NULL),
(654,'Kozhiparambil Panakkalparambil Sarppakkavu','Kerala','thrisuur',10.483333,76.050000,5,NULL,NULL),
(655,'Nayarusseri Kshetram Sarppakkavu','Kerala','thrisuur',10.512200,76.049433,8,NULL,NULL),
(656,'Kallungal Sarppakavu','Kerala','thrisuur',10.511783,76.049967,5,NULL,NULL),
(657,'Sarppakavu','Kerala','thrisuur',10.498117,76.069417,12,NULL,NULL),
(658,'Kanjirathara Sarppakavu','Kerala','thrisuur',10.510917,76.059667,15,NULL,NULL),
(659,'Pattali Sarppakavu','Kerala','thrisuur',10.512117,76.048217,10,NULL,NULL),
(660,'Kariyattu Illathu Parambu Nagakkavu','Kerala','thrisuur',10.516667,76.050000,15,NULL,NULL),
(661,'Karapurathu Sarppakavu','Kerala','thrisuur',10.500000,76.050000,10,NULL,NULL),
(662,'Kalari Sarppakavu','Kerala','thrisuur',10.500000,76.050000,11,NULL,NULL),
(663,'Illathukavu','Kerala','thrisuur',10.502900,76.074733,10,NULL,NULL),
(664,'Sarppakavu','Kerala','thrisuur',10.498367,76.070133,45,NULL,NULL),
(665,'Mangottu Sarppakavu','Kerala','thrisuur',10.561933,76.036633,10,NULL,NULL),
(666,'Mangottu Sarppakavu','Kerala','thrisuur',10.563617,76.036217,5,NULL,NULL),
(667,'Chennangattu Sarppakavu','Kerala','thrisuur',10.553200,76.032283,10,NULL,NULL),
(668,'Pattathil Sarppakavu','Kerala','thrisuur',10.576217,76.026200,5,NULL,NULL),
(669,'Chettyalakkal Sarppakavu','Kerala','thrisuur',10.591633,76.028850,10,NULL,NULL),
(670,'Nediyedathu Sarppakavu','Kerala','thrisuur',10.588967,76.011417,8,NULL,NULL),
(671,'Panakkal Sarppakavu','Kerala','thrisuur',10.588367,76.011533,5,NULL,NULL),
(672,'Neriyampulli Sarppakavu','Kerala','thrisuur',10.579300,76.020317,25,NULL,NULL),
(673,'Manathala Viswanadha Ksetram Sarppakavu','Kerala','thrisuur',10.588583,76.013917,40,NULL,NULL),
(674,'Kalathil Sarppakavu','Kerala','thrisuur',10.583133,76.013983,10,NULL,NULL),
(675,'Manathala Sree Nagayakshi Kshetram','Kerala','thrisuur',10.576667,76.017817,50,NULL,NULL),
(676,'Anchillam Kavu','Kerala','thrisuur',10.659433,75.991400,11,NULL,NULL),
(677,'Karumathil Kalari Sarppakavu','Kerala','thrisuur',10.686433,75.978850,23,NULL,NULL),
(678,'Punnookkavu','Kerala','Thrissur',10.682033,75.989967,10,NULL,NULL),
(679,'Kalipurayathu Sarppakavu','Kerala','Thrissur',10.666050,75.995200,5,NULL,NULL),
(680,'Nalappattu Sarppakavu','Kerala','Thrissur',10.667900,75.995567,5,NULL,NULL),
(681,'Govindapuram Sarppakavu','Kerala','Thrissur',10.675267,75.992917,8,NULL,NULL),
(682,'PazhiyoorMana Sarppakavu','Kerala','Thrissur',10.689333,75.984833,7,NULL,NULL),
(683,'CheraiPadinja Sarppakavu','Kerala','Thrissur',10.686200,75.978917,25,NULL,NULL),
(684,'Prarathu Sarppakavu','Kerala','Thrissur',10.685750,75.978783,4,NULL,NULL),
(685,'Bhayamkavu','Kerala','Thrissur',10.830183,75.919683,400,NULL,NULL),
(686,'Pediat Bhagavathy Temple Kavu','Kerala','Kozhikode',11.138917,75.832972,60,NULL,NULL),
(687,'Vadayil Kavu Sree Bhagavathy temple','Kerala','Kozhikode',11.138583,75.827778,40,NULL,NULL),
(688,'Sree Ponnarambath Bhagavathy Muthappan Temple Kavu','Kerala','Kozhikode',11.145333,75.819194,6,NULL,NULL),
(689,'Thandam Parambu Vishathum Ka','Kerala','Kozhikode',11.133139,75.830361,8,NULL,NULL),
(690,'Sree mannur Siva Temple Kavu','Kerala','Kozhikode',11.152833,75.833417,80,NULL,NULL),
(691,'Karumakan Kavu','Kerala','Kozhikode',11.149778,75.834389,10,NULL,NULL),
(692,'Jathavan Kavu','Kerala','Kozhikode',11.149083,75.837500,140,NULL,NULL),
(693,'Thirumalammal Devastanam','Kerala','Kozhikode',11.148417,75.833333,50,NULL,NULL),
(694,'Kolleri tharavad Kotta','Kerala','Kozhikode',11.147833,75.838694,8,NULL,NULL),
(695,'Mandakathingal Kuttamakka Devaswom Temple Kavu','Kerala','Kozhikode',11.140444,75.835250,30,NULL,NULL),
(696,'Kozhiserry Sree Bhagavathy Temple Kavu','Kerala','Kozhikode',11.137194,75.835444,12,NULL,NULL),
(697,'Ambaliparambu Temple Kavu','Kerala','Kozhikode',11.134778,75.157000,75,NULL,NULL),
(698,'Kuunnathu Kavu','Kerala','Kozhikode',11.154361,75.818333,100,NULL,NULL),
(699,'Nambayil SreeKarumakan Devi Temple Kavu','Kerala','Kozhikode',11.152028,75.816667,8,NULL,NULL),
(700,'Veettil kavu','Kerala','Kozhikode',11.135139,75.829361,7,NULL,NULL),
(701,'Kurupathuparampu kavu','Kerala','Kozhikode',11.149472,75.830833,8,NULL,NULL),
(702,'Chelanattu paradevatha nagakavu','Kerala','Kozhikode',11.175722,75.852944,27,NULL,NULL),
(703,'Perikathru Sree Kurumba Bhagavathy Kavu','Kerala','Kozhikode',11.176981,75.828917,5,NULL,NULL),
(704,'Vadakke Kolathottu Naga Kotta','Kerala','Kozhikode',11.257639,75.814583,8,NULL,NULL),
(705,'Mongathu mundian paradevatha kshethra kavu','Kerala','Kozhikode',11.178583,75.851000,20,NULL,NULL),
(706,'Kakkadathu Bhagavathy Temple Kavu','Kerala','Kozhikode',11.180417,75.814250,15,NULL,NULL),
(707,'Palliarakkal Bhagaathy Temple Kavu','Kerala','Kozhikode',11.177500,75.803528,10,NULL,NULL),
(708,'Vellayikkode Sree Bhagavathy Temple Kavu','Kerala','Kozhikode',11.187944,75.801722,20,NULL,NULL),
(709,'Pinnanathu Bhagavathy Temple Kavu','Kerala','Kozhikode',11.193861,75.803778,30,NULL,NULL),
(710,'Necholi Kavu','Kerala','Kozhikode',11.250583,75.785944,18,NULL,NULL),
(711,'Malarkavil Naga kali Kotta','Kerala','Kozhikode',11.187972,75.801667,20,NULL,NULL),
(712,'PonnathBhagavathy kavu','Kerala','Kozhikode',11.196750,75.791639,10,NULL,NULL),
(713,'Kollarikkal Nagathankavu','Kerala','Kozhikode',11.199028,75.801278,15,NULL,NULL),
(714,'Changanath Nagakotta','Kerala','Kozhikode',11.197833,75.801722,8,NULL,NULL),
(715,'Nallalam Muthuvana chalil Bhagvathy Temple Kavu','Kerala','Kozhikode',11.220972,75.817972,5,NULL,NULL),
(716,'Makkunii Kavu','Kerala','Kozhikode',11.214056,75.811611,10,NULL,NULL),
(717,'Koyaparambu Bhagavathy Temple Kavu','Kerala','Kozhikode',11.215444,75.821333,200,NULL,NULL),
(718,'Panakkal Bhagavathy Temple Kavy','Kerala','Kozhikode',11.210667,75.805944,15,NULL,NULL),
(719,'Nambikkatte Sree Bhagavathy Kavu','Kerala','kozhikode',11.220389,75.804806,8,NULL,NULL),
(720,'Champayil Chittekkatte Bhagavathy Kavu','Kerala','kozhikode',11.350000,76.316667,10,NULL,NULL),
(721,'Payyanakkal Bhagavathy Kavu','Kerala','kozhikode',11.224111,75.786306,30,NULL,NULL),
(722,'Muringathu Kuttichathan kavu','Kerala','kozhikode',11.224139,75.786278,10,NULL,NULL),
(723,'Evutteriparambu naga kotta','Kerala','kozhikode',11.224222,75.795806,6,NULL,NULL),
(725,'Kallu vettukuzhy Sree Bhagavathy Temple kavu','Kerala','kozhikode',11.477778,76.350000,30,NULL,NULL),
(726,'Kozhyparambath Ellam Kavu','Kerala','kozhikode',11.245389,75.804333,5,NULL,NULL),
(727,'Vadakkillam Nagakotta','Kerala','kozhikode',11.246333,75.804139,14,NULL,NULL),
(728,'Thazhepurackal Bhagavathikavu','Kerala','kozhikode',11.277278,75.856028,200,NULL,NULL),
(730,'Madattu Vettakkorumakan kavu','Kerala','kozhikode',11.277861,75.799361,10,NULL,NULL),
(731,'Parambalathu Kavu','Kerala','kozhikode',11.280694,75.797944,12,NULL,NULL),
(732,'Nambol Parambath Naga Ktta','Kerala','kozhikode',11.322783,75.775550,29,NULL,NULL),
(733,'Kovili Naga Kotta','Kerala','kozhikode',11.321317,75.778667,8,NULL,NULL),
(734,'Kovili Naga Kotta','Kerala','kozhikode',11.320817,75.778050,20,NULL,NULL),
(735,'Puthiyottil Kalam Naha Kotta','Kerala','kozhikode',11.318417,75.778900,10,NULL,NULL),
(736,'Peringini Vishnu Naga Kotta','Kerala','kozhikode',11.316150,75.777183,20,NULL,NULL),
(737,'Kariyattu Naga Kotta','Kerala','kozhikode',11.318500,75.771750,16,NULL,NULL),
(738,'Manedathu muthassari- purackal gurudeva temple','Kerala','kozhikode',11.313150,75.760183,30,NULL,NULL),
(739,'Kunniyilkavu','Kerala','kozhikode',11.313117,75.758650,15,NULL,NULL),
(740,'Edavanathazham sree bhagavathy temple','Kerala','kozhikode',11.338583,75.743333,15,NULL,NULL),
(741,'Pattayattu sree nagakali temple kavu','Kerala','kozhikode',11.338550,75.741567,15,NULL,NULL),
(742,'Puthiyanirathu Sreebhagavathy temple kavu','Kerala','kozhikode',11.322867,75.746150,60,NULL,NULL),
(743,'Methalayil bhagavathy temple kavu','Kerala','kozhikode',12.622900,75.771067,15,NULL,NULL),
(744,'Kurooli bhagavathy temple','Kerala','kozhikode',11.311917,75.762817,8,NULL,NULL),
(745,'Kottakkal sree nagakali temple','Kerala','kozhikode',11.334950,75.763467,40,NULL,NULL),
(746,'Sree kuruvakkavu Ayyappa Temple','Kerala','kozhikode',11.328033,75.765067,12,NULL,NULL),
(747,'Kakkatt Mahavishnu Temple','Kerala','kozhikode',11.317617,75.759817,15,NULL,NULL),
(748,'Muthirakalayil naga kotta','Kerala','kozhikode',11.405183,75.718667,18,NULL,NULL),
(749,'Vyleri temple','Kerala','kozhikode',11.399117,75.718000,14,NULL,NULL),
(750,'Vallye pully kotta','Kerala','kozhikode',11.387583,75.722600,22,NULL,NULL),
(751,'Perinkuni nagakotta','Kerala','kozhikode',11.396000,75.732500,40,NULL,NULL),
(752,'Puthusseri illam kotta','Kerala','kozhikode',11.402783,75.738017,50,NULL,NULL),
(753,'Ayyadathu illam kotta','Kerala','kozhikode',11.400483,75.738650,40,NULL,NULL),
(754,'Palliyara sree bhagavathy Temple','Kerala','kozhikode',11.363967,75.735217,10,NULL,NULL),
(755,'Puthiyottil kotta','Kerala','kozhikode',11.398767,75.739200,25,NULL,NULL),
(756,'Chamadathu kotta','Kerala','kozhikode',11.394333,75.721000,12,NULL,NULL),
(757,'Kolayi kotta','Kerala','kozhikode',11.406500,75.728483,20,NULL,NULL),
(758,'Kolayi kotta','Kerala','kozhikode',11.405700,75.728700,10,NULL,NULL),
(759,'Kshethrapalan kotta','Kerala','kozhikode',11.384983,75.739433,10,NULL,NULL),
(760,'Kizhakarakaattu kotta','Kerala','kozhikode',11.378817,75.742600,10,NULL,NULL),
(761,'Kaval kotta','Kerala','Kozhikode',11.355867,75.742567,9,NULL,NULL),
(762,'Pulikandy nagakotta','Kerala','Kozhikode',11.389167,75.736983,50,NULL,NULL),
(763,'Kondamvally Ayyappa temple','Kerala','Kozhikode',11.434617,75.715000,30,NULL,NULL),
(764,'Kondamvally parambu kotta','Kerala','Kozhikode',11.434833,75.715917,12,NULL,NULL),
(765,'Illathu kuttanadathu kotta','Kerala','Kozhikode',11.423900,75.716517,8,NULL,NULL),
(766,'Keezhu parambathu naga kotta','Kerala','Kozhikode',11.413150,75.720750,10,NULL,NULL),
(767,'Melooru naduvathana temple','Kerala','Kozhikode',11.428683,75.711683,50,NULL,NULL),
(768,'Panayada kotta','Kerala','Kozhikode',11.417400,75.713700,10,NULL,NULL),
(769,'Meppattu illam kotta','Kerala','Kozhikode',11.436967,75.720167,100,NULL,NULL),
(770,'Unnicheeram veetil nagaparipalana temple','Kerala','Kozhikode',11.438067,75.721933,15,NULL,NULL),
(771,'Ezhukudikkal temple','Kerala','Kozhikode',11.416350,75.702800,10,NULL,NULL),
(772,'Manalil thrukkovil mahavishnu temple','Kerala','Kozhikode',11.423317,75.732200,10,NULL,NULL),
(773,'Thekkayil bhagavathy temple moolasthanam','Kerala','Kozhikode',11.431050,75.728883,15,NULL,NULL),
(774,'Thekkayil sree bhagavathy temple','Kerala','Kozhikode',11.433017,75.727300,150,NULL,NULL),
(775,'Ponmaleri kotta','Kerala','Kozhikode',11.417183,75.732717,12,NULL,NULL),
(776,'Moothedathu kalarikkal temple','Kerala','Kozhikode',11.413817,75.731700,200,NULL,NULL),
(777,'Kariyari kotta','Kerala','Kozhikode',11.412983,75.732783,14,NULL,NULL),
(778,'Variprakotta','Kerala','Kozhikode',11.415067,75.714100,13,NULL,NULL),
(779,'Koolatham veedu kotta','Kerala','Kozhikode',11.422350,75.708917,15,NULL,NULL),
(780,'Nalupurackal sree nagakali temple','Kerala','Kozhikode',11.444000,75.710150,10,NULL,NULL),
(781,'Chelia kanniyadathu nagakotta','Kerala','Kozhikode',11.422250,75.740483,20,NULL,NULL),
(782,'Kunnari sree kariyathan bhagavathy temple','Kerala','Kozhikode',11.413350,75.733183,70,NULL,NULL),
(783,'Sree chalora kuttichathan dharmasastha temple','Kerala','Kozhikode',11.462633,75.697650,40,NULL,NULL),
(784,'Kizhakke padinjarayil temple','Kerala','Kozhikode',11.461317,75.696817,10,NULL,NULL),
(785,'Cheriyapuram paradevatha temple','Kerala','Kozhikode',11.460117,75.707800,30,NULL,NULL),
(786,'Maramuttam sree maha ganapathy temple','Kerala','Kozhikode',11.438750,75.690600,20,NULL,NULL),
(787,'Thayambam veedu kotta','Kerala','Kozhikode',11.462417,75.684567,25,NULL,NULL),
(788,'Ayyappam kavu','Kerala','Kozhikode',11.471400,75.687667,15,NULL,NULL),
(789,'Puthiyakavu kotta','Kerala','Kozhikode',11.448150,75.709917,15,NULL,NULL),
(790,'Nagakali kandy temple','Kerala','Kozhikode',11.452450,75.711750,25,NULL,NULL),
(791,'Naduvilayil nagakotta','Kerala','Kozhikode',11.436483,75.705083,18,NULL,NULL),
(792,'Kottayil sree durga bhagavathy temple','Kerala','Kozhikode',11.426667,75.698733,20,NULL,NULL),
(793,'Narikuni edamana illam kotta','Kerala','Kozhikode',11.451500,75.716750,15,NULL,NULL),
(794,'Kuruvangadu siva temple','Kerala','Kozhikode',11.450567,75.712967,30,NULL,NULL),
(795,'Kaipurathu illam kotta','Kerala','Kozhikode',11.435867,75.704150,12,NULL,NULL),
(796,'Komathu kotta','Kerala','Kozhikode',11.439633,75.697333,15,NULL,NULL),
(797,'Sree annapoorneswari temple kavu','Kerala','Kozhikode',11.430067,75.699200,15,NULL,NULL),
(798,'Padinjaridathu sree naga- paripalana temple','Kerala','Kozhikode',11.445600,75.722400,15,NULL,NULL),
(799,'Sree Mahaganapathy Temple kavu','Kerala','Kozhikode',11.469267,75.655933,6,NULL,NULL),
(800,'Veeramangalam Sree Siva Temple','Kerala','Kozhikode',11.448900,75.722250,20,NULL,NULL),
(801,'Kizhakedathu kotta','Kerala','Kozhikode',11.500450,75.666950,10,NULL,NULL),
(802,'Vaazhayil temple','Kerala','Kozhikode',11.489767,75.656533,10,NULL,NULL),
(803,'Pappari sree paradevatha temple','Kerala','Kozhikode',11.482067,75.675100,15,NULL,NULL),
(804,'Mannenkil sree paradevatha temple','Kerala','Kozhikode',11.487083,75.660800,10,NULL,NULL),
(805,'Muchukunnu kottayil temple','Kerala','Kozhikode',11.497383,75.666000,2000,NULL,NULL),
(806,'Padnjaatidathu naga kotta','Kerala','Kozhikode',11.481750,75.643467,10,NULL,NULL),
(807,'Vanmughambhagavathi kshetram','Kerala','Kozhikode',11.474000,75.631450,8,NULL,NULL),
(808,'Paloor mahavishnu temple','Kerala','Kozhikode',11.485117,75.628717,60,NULL,NULL),
(809,'Kooniyil kotta','Kerala','Kozhikode',11.466667,75.628167,12,NULL,NULL),
(810,'Nagathil kotta','Kerala','Kozhikode',11.489117,75.625200,25,NULL,NULL),
(811,'Thrukottoor maha ganapathy temple','Kerala','Kozhikode',11.500750,75.626233,25,NULL,NULL),
(812,'Gurukkal kavu','Kerala','Kozhikode',11.501950,75.627250,100,NULL,NULL),
(813,'Arattamkandikavu','Kerala','Kozhikode',11.497200,75.656500,8,NULL,NULL),
(814,'Nalupurayil Nagacotta','Kerala','Kozhikode',11.495367,75.645817,10,NULL,NULL),
(815,'Kodaloornagacotta','Kerala','Kozhikode',11.498000,75.645467,10,NULL,NULL),
(816,'Keezhur Mahasivakshetram','Kerala','Kozhikode',11.527683,75.635683,50,NULL,NULL),
(817,'Keezhur Mahasivakshetram','Kerala','Kozhikode',11.530400,75.635067,20,NULL,NULL),
(818,'Keezhur Mahaganapathikshetram','Kerala','Kozhikode',11.519633,75.633850,50,NULL,NULL),
(819,'Edolikkavu','Kerala','Kozhikode',11.519983,75.625617,50,NULL,NULL),
(820,'Kottayilkshetram','Kerala','Kozhikode',11.562583,75.618467,100,NULL,NULL),
(821,'Sreekalaripadikkalkshet ram','Kerala','Kozhikode',11.541633,75.618533,20,NULL,NULL),
(822,'Commanacotta','Kerala','Kozhikode',11.559433,75.615600,20,NULL,NULL),
(823,'Kullangarathukavu','Kerala','Kozhikode',11.589833,75.592250,15,NULL,NULL),
(824,'Tyivalappil Sree Bhagavathy Kshetram','Kerala','Kozhikode',11.590200,75.591550,20,NULL,NULL),
(825,'Kannamkuzhiyil Varadeva Dhaskewthram','Kerala','Kozhikode',11.586017,75.596517,27,NULL,NULL),
(826,'Koiloth Devimandapam','Kerala','Kozhikode',11.609583,75.595317,20,NULL,NULL),
(827,'Varissakkuni kshetram','Kerala','Kozhikode',11.638200,75.588917,15,NULL,NULL),
(828,'Komathu Nagabhagavathi','Kerala','Kozhikode',11.637367,75.590467,15,NULL,NULL),
(829,'Vaikkilasseri Mahaganapathikshetra','Kerala','Kozhikode',11.633317,75.591067,40,NULL,NULL),
(830,'Chamundikandiyil Sarpakkavu','Kerala','Kozhikode',11.608517,75.580083,20,NULL,NULL),
(831,'Perumana nagacotta','Kerala','Kozhikode',11.618567,74.574950,50,NULL,NULL),
(832,'Perumana Bhagavathi Kshetram','Kerala','Kozhikode',11.618783,75.575817,50,NULL,NULL),
(833,'Panagottu kshetram','Kerala','Kozhikode',11.621400,75.596300,10,NULL,NULL),
(834,'Sree muchilodu bhagavathi kshetram','Kerala','Kozhikode',11.630300,75.599900,10,NULL,NULL),
(835,'Puthiyottilcotta','Kerala','Kozhikode',11.640533,75.596067,20,NULL,NULL),
(836,'Pullikkal Illamcotta','Kerala','Kozhikode',11.645567,75.601283,16,NULL,NULL),
(837,'Azhattu illam','Kerala','Kozhikode',11.645717,75.600000,20,NULL,NULL),
(838,'Azhattu illam cotta','Kerala','Kozhikode',11.645433,75.600183,40,NULL,NULL),
(839,'Vannarathu Kozhikkottu kavu','Kerala','Kozhikode',11.663583,75.570433,10,NULL,NULL),
(840,'Malol kuttichathan kshethram','Kerala','Kozhikode',11.661483,75.571850,7,NULL,NULL),
(841,'Valiyaparambiil sree Kandakarnnakshetram','Kerala','Kozhikode',11.641967,75.567517,6,NULL,NULL),
(842,'Azhiyoor koroth Nagabhagavathikshetra','Kerala','Kozhikode',11.690517,75.558200,200,NULL,NULL),
(843,'Avikkarakshetram','Kerala','Kozhikode',11.669317,75.552617,8,NULL,NULL),
(844,'Balathil Bhagavathy Temple','Kerala','Kannur',11.776933,75.487767,10,NULL,NULL),
(845,'Chirakkakavu Bhagavathy Temple','Kerala','Kannur',11.769617,75.477000,30,NULL,NULL),
(846,'Kuzhippangadu Sreebhagavathy Temple','Kerala','Kannur',11.756767,75.498850,7,NULL,NULL),
(847,'Moral Bhagavathy Temple','Kerala','Kannur',11.759683,75.502633,10,NULL,NULL),
(848,'Nichura Nagabhagavathy Temple','Kerala','Kannur',11.746083,75.517967,50,NULL,NULL),
(849,'Mundarathuparambu Nagam','Kerala','Kannur',11.749400,75.501000,8,NULL,NULL),
(850,'Bhagavathy Temple','Kerala','Kannur',11.746083,75.517950,40,NULL,NULL),
(851,'Moothakoiloth Bhagavathy Temple','Kerala','Kannur',11.728717,75.517583,30,NULL,NULL),
(852,'Karingal Temple','Kerala','Kannur',11.732917,75.523517,50,NULL,NULL),
(853,'Thrikaikkal Siva Temple','Kerala','Kannur',11.745500,75.536483,15,NULL,NULL),
(854,'Punnolakandy Bhagavathy Temple','Kerala','Kannur',11.740333,75.537100,20,NULL,NULL),
(855,'Parayilkoolom Bhagavathy Temple','Kerala','Kannur',11.734000,75.521967,15,NULL,NULL),
(856,'Kuzhumayil Pullikarimkali Bhagavathy Temple','Kerala','Kannur',11.739350,75.540600,15,NULL,NULL),
(857,'Meluru Sree Siva Temple','Kerala','Kannur',11.807133,75.467350,20,NULL,NULL),
(858,'Mullapram Bhagavathy Temple','Kerala','Kannur',11.797600,75.476167,10,NULL,NULL),
(859,'Andallurkavu','Kerala','Kannur',11.794333,75.477333,10,NULL,NULL),
(860,'Melothu Ayyappa Temple','Kerala','Kannur',11.799617,75.454267,12,NULL,NULL),
(861,'Mrithynjaya Mahadeva Temple','Kerala','Kannur',11.800017,75.454217,10,NULL,NULL),
(862,'Mrithynjaya Mahadeva Temple','Kerala','Kannur',11.799267,75.471383,20,NULL,NULL),
(863,'Sree Bhagavathi Temple','Kerala','Kannur',11.804000,75.458600,15,NULL,NULL),
(864,'Manikkothu Nagasthanam','Kerala','Kannur',11.803233,75.457467,10,NULL,NULL),
(865,'Thethon Kunnumpuram Porkali Bhagavathi Shetram','Kerala','Kannur',11.801050,75.457400,10,NULL,NULL),
(866,'Chakyaram Veedu Nagasthanam','Kerala','Kannur',11.801650,75.457717,10,NULL,NULL),
(867,'Kadavu Devi Temple','Kerala','Kannur',11.799617,75.455333,20,NULL,NULL),
(868,'Attadappa Maniyambath Sree Muthappan Shetram','Kerala','Kannur',11.863333,75.432967,25,NULL,NULL),
(869,'Parambil Nagakkotta','Kerala','Kannur',11.861050,75.429633,12,NULL,NULL),
(870,'Kanothu Kavu','Kerala','Kannur',11.844317,75.412117,50,NULL,NULL),
(871,'Sree Thoniyottukavu Sree Kurumba Bhagavathi Shetram','Kerala','Kannur',11.851483,75.414367,6,NULL,NULL),
(872,'Oorppazhachikavu','Kerala','Kannur',11.824967,75.435417,200,NULL,NULL),
(873,'Puthukudiyil Nagakotta','Kerala','Kannur',11.858750,75.430867,10,NULL,NULL),
(874,'Poovalambethu Kotta','Kerala','Kannur',11.862017,75.435200,10,NULL,NULL),
(875,'Sree Muchilot Bhagavathy kshethram','Kerala','Kannur',11.873700,75.436483,7,NULL,NULL),
(876,'Kalathil kavu','Kerala','Kannur',11.898667,75.354417,10,NULL,NULL),
(877,'Puzhathi Muthappan Kavu','Kerala','Kannur',11.928767,75.368750,6,NULL,NULL),
(878,'Kundanchal Swami Madam','Kerala','kunnur',11.913867,75.374067,100,NULL,NULL),
(879,'Kottakunnu Sree Puthiya Bhagavathi Temple','Kerala','kunnur',11.930183,75.368233,15,NULL,NULL),
(880,'Gulikan Nagasthanam','Kerala','kunnur',11.916950,75.348033,30,NULL,NULL),
(881,'Kattingal Guha Nagasthanam','Kerala','kunnur',11.916500,75.349000,10,NULL,NULL),
(882,'Kulangada Nagasthanam','Kerala','kunnur',11.917883,75.349267,6,NULL,NULL),
(883,'Chengulathu Kotta','Kerala','kunnur',11.923033,75.350383,15,NULL,NULL),
(884,'Thazheppura Nagasthanam','Kerala','kunnur',11.922933,75.365133,10,NULL,NULL),
(885,'Kunnavil Bhagavathi Shetram','Kerala','kunnur',11.898033,75.352850,10,NULL,NULL),
(886,'Kayyalakkakathu Mariyaman Aruda Sthanam','Kerala','kunnur',11.898150,75.345383,50,NULL,NULL),
(887,'Chamundikottam','Kerala','kunnur',11.911250,75.355433,5,NULL,NULL),
(888,'Mangalattu Nagasthanam','Kerala','kunnur',11.895550,75.362500,10,NULL,NULL),
(889,'Sree Kurmba Bhagavathi Shetram','Kerala','kunnur',11.893383,75.365833,9,NULL,NULL),
(890,'Thadathil Sree Kurumba Bhagavathi Shetram','Kerala','kunnur',11.893517,75.366050,10,NULL,NULL),
(891,'Puthiyapurayil Bhagavathi Shetram','Kerala','kunnur',11.894400,75.364717,8,NULL,NULL),
(892,'Mamboyil Tharavadu Devasthanam','Kerala','kunnur',11.900267,75.361550,8,NULL,NULL),
(893,'Vengilottillam Nagasthanam','Kerala','kunnur',11.882900,75.349867,8,NULL,NULL),
(894,'Kuttyeri Ambalam Nagasthanam','Kerala','kunnur',11.882450,75.358117,15,NULL,NULL),
(895,'Vellattinkara Nagasthanam','Kerala','kunnur',11.881300,75.357567,10,NULL,NULL),
(896,'Kunnumpurathu Nagasthanam','Kerala','kunnur',11.881133,75.358050,8,NULL,NULL),
(897,'Kunnathu Bhavoor Karinkali Temple','Kerala','kunnur',11.883633,75.359800,15,NULL,NULL),
(898,'Eranjiyin Keezhil Bhagavathi Temple','Kerala','kunnur',11.877217,75.403517,30,NULL,NULL),
(899,'Mundayad Sree Pulli Vettakkoru Makan Arooda Temple','Kerala','kunnur',11.876867,75.410983,100,NULL,NULL),
(900,'Thalikavu Bhagavathi Temple','Kerala','kunnur',11.873517,75.361717,10,NULL,NULL),
(901,'Sree Chothiyodu Kavu','Kerala','kunnur',11.886117,75.363000,10,NULL,NULL),
(902,'Kanakthur Sree Kurumba Kavu','Kerala','kunnur',11.862167,75.361117,20,NULL,NULL),
(903,'Pambadi Kavu','Kerala','kunnur',11.940750,75.307533,10,NULL,NULL),
(904,'Kulathil Sree Puthiya Bhagavathi Shetram','Kerala','kunnur',11.921250,75.319650,15,NULL,NULL),
(905,'Arippakkavu','Kerala','kunnur',11.926383,75.315067,10,NULL,NULL),
(906,'Sree Parayangattu Shetram','Kerala','kunnur',11.912767,75.337783,7,NULL,NULL),
(907,'Sree Parayangattu Shetram','Kerala','kunnur',11.912717,75.338200,7,NULL,NULL),
(908,'Pazhayapurayil Nagam','Kerala','kunnur',11.909333,75.325933,12,NULL,NULL),
(909,'Sree Kandamkulangara Bhagavathi Shetram','Kerala','kunnur',11.912217,75.326083,10,NULL,NULL),
(910,'Mavila Nagam','Kerala','kunnur',11.911650,75.340717,10,NULL,NULL),
(911,'Sree Pokkiyarath Bhagavathi Shetram','Kerala','kunnur',11.908767,75.328950,20,NULL,NULL),
(912,'Noonjinkara Sree Kurumba Bhagavathi Temple','Kerala','kunnur',11.905000,75.336900,100,NULL,NULL),
(913,'Noonjinkara Bhagavathi Temple','Kerala','kunnur',11.905533,75.337067,15,NULL,NULL),
(914,'Muchiriyan Kavu Wayanadu Kulavan Shetram','Kerala','kunnur',11.905400,75.324750,15,NULL,NULL),
(915,'Thekkumbadu Kulom Thazhekkavu','Kerala','kunnur',11.966683,75.297317,50,NULL,NULL),
(916,'Thekkumbadu Kulom Thaikkavu','Kerala','kunnur',11.970950,75.294483,8,NULL,NULL),
(917,'Madayi Sree Thiruvarkadu Bhagavathi Shetram','Kerala','kunnur',12.034700,75.261900,300,NULL,NULL),
(918,'Vengara Vettaikkorumakan Shetram','Kerala','kunnur',12.036883,75.248600,20,NULL,NULL),
(919,'Kizhakkarakavu Bhagavathi Shetram','Kerala','kunnur',12.049300,75.238517,17,NULL,NULL),
(920,'Kizhakkarakkattu Bhagavathi Shetram','Kerala','kunnur',12.049133,75.238767,12,NULL,NULL),
(921,'Kizhakkarakavu  Elanjithara','Kerala','kunnur',12.048267,75.243567,12,NULL,NULL),
(922,'Madayikavu Sivakshethram','Kerala','kunnur',12.027850,75.254067,300,NULL,NULL),
(923,'Vengara Nagasthanam','Kerala','kunnur',12.034233,75.249900,20,NULL,NULL),
(924,'Madayi Vadukundha Sivashetram','Kerala','kunnur',12.030367,75.253333,15,NULL,NULL),
(925,'Chalilkkavu Bhagavathi Shetram','Kerala','kunnur',12.035750,75.264167,20,NULL,NULL),
(926,'Tharapuram Sree Durgambika Kshethram Nagasthan','Kerala','kunnur',12.016150,75.261883,6,NULL,NULL),
(927,'Mharkatwadi','Maharashtra','',15.977556,73.850361,NULL,NULL,NULL),
(928,'Lingachi Rai','Maharashtra','',15.984331,74.011169,NULL,NULL,NULL),
(929,'Maharingan Rai','Maharashtra',NULL,15.986967,74.013169,NULL,NULL,NULL),
(930,'Durewadi Rai','Maharashtra',NULL,15.999406,74.030350,NULL,NULL,NULL),
(931,'Ogale Rai','Maharashtra',NULL,15.987311,74.028708,NULL,NULL,NULL),
(932,'Mulwandwadi Rai','Maharashtra',NULL,15.985439,74.030831,NULL,NULL,NULL),
(933,'Badyachi Rai','Maharashtra',NULL,15.969619,74.011181,NULL,NULL,NULL),
(934,'Phakanichi Rai','Maharashtra',NULL,15.956508,74.005842,NULL,NULL,NULL),
(935,'Sadachi Rai','Maharashtra',NULL,15.955831,73.995856,NULL,NULL,NULL),
(936,'Hiranyakeshi','Maharashtra',NULL,15.954939,74.027250,NULL,NULL,NULL),
(937,'Gele','Maharashtra',NULL,15.992264,74.019722,NULL,NULL,NULL),
(938,'Waghoba','Maharashtra',NULL,15.858917,73.948444,NULL,NULL,NULL),
(939,'Jharb','Maharashtra',NULL,15.861500,73.945194,NULL,NULL,NULL),
(940,'Baviat','Maharashtra',NULL,15.905172,73.895917,NULL,NULL,NULL),
(941,'Brahamanpat/Malgaon','Maharashtra',NULL,15.877861,73.801083,NULL,NULL,NULL),
(942,'Manjarekarwadi','Maharashtra',NULL,15.895194,73.798167,NULL,NULL,NULL),
(943,'Bhalawal','Maharashtra',NULL,15.855639,73.906497,NULL,NULL,NULL),
(944,'Choukul Rai','Maharashtra',NULL,15.906028,74.036389,NULL,NULL,NULL),
(945,'Akkabai','Maharashtra',NULL,15.879750,73.927889,NULL,NULL,NULL),
(946,'Baracha Chavhata','Maharashtra',NULL,15.886111,73.936639,NULL,NULL,NULL),
(947,'Siddheshvar','Maharashtra',NULL,15.789056,73.877028,NULL,NULL,NULL),
(948,'Mallanath','Maharashtra',NULL,15.904861,73.977056,NULL,NULL,NULL),
(949,'Mauli','Maharashtra',NULL,15.845250,73.965722,NULL,NULL,NULL),
(950,'Lingachi Rai','Maharashtra',NULL,16.013519,74.009211,NULL,NULL,NULL),
(951,'Sateri','Maharashtra',NULL,15.866058,73.980542,NULL,NULL,NULL),
(952,'Badyachi Rai','Maharashtra',NULL,15.864072,73.970425,NULL,NULL,NULL),
(953,'Gulduve','Maharashtra',NULL,15.759217,73.735278,NULL,NULL,NULL),
(954,'Karlai','Maharashtra',NULL,15.908139,73.949639,NULL,NULL,NULL),
(955,'Nirukhewadi','Maharashtra',NULL,15.926417,73.837389,NULL,NULL,NULL),
(956,'Mauli','Maharashtra',NULL,15.861639,73.931667,NULL,NULL,NULL),
(957,'Shree Tembkarib','Maharashtra',NULL,15.862167,73.913000,NULL,NULL,NULL),
(958,'Bhavai 1','Maharashtra',NULL,15.940694,73.832056,NULL,NULL,NULL),
(959,'Bhavai 2','Maharashtra',NULL,15.939333,73.831456,NULL,NULL,NULL),
(960,'Sateri/Huda Mandir','Maharashtra',NULL,15.941806,73.832444,NULL,NULL,NULL),
(961,'Pavnai','Maharashtra',NULL,15.931083,73.878000,NULL,NULL,NULL),
(962,'Bharadi Devi','Maharashtra',NULL,15.931556,73.872806,NULL,NULL,NULL),
(963,'Kajarekar Rai/ Bibyachi Rai','Maharashtra',NULL,15.942667,73.872611,NULL,NULL,NULL),
(964,'Mauli','Maharashtra',NULL,15.789028,73.820861,NULL,NULL,NULL),
(965,'Raicha dongar','Maharashtra',NULL,15.875556,73.824389,NULL,NULL,NULL),
(966,'Majgaon','Maharashtra',NULL,15.876361,73.823667,NULL,NULL,NULL),
(967,'Kaloba','Maharashtra',NULL,15.785700,73.739733,NULL,NULL,NULL),
(968,'Mauli Devi','Maharashtra',NULL,15.871167,73.912639,NULL,NULL,NULL),
(969,'Shambhu Mahadeo','Maharashtra',NULL,15.876900,73.880264,NULL,NULL,NULL),
(970,'Parpoli','Maharashtra',NULL,15.946611,73.969500,NULL,NULL,NULL),
(971,'Mauli','Maharashtra',NULL,15.804778,73.820250,NULL,NULL,NULL),
(972,'Bharsakhal Math','Maharashtra',NULL,15.992833,73.902028,NULL,NULL,NULL),
(973,'Sawant Rai','Maharashtra',NULL,15.988667,73.901972,NULL,NULL,NULL),
(974,'Badyachi Rai','Maharashtra',NULL,15.979694,73.901528,NULL,NULL,NULL),
(975,'Girobachi Rai','Maharashtra',NULL,15.969694,73.902194,NULL,NULL,NULL),
(976,'Girobachi Rai','Maharashtra',NULL,15.969694,73.908278,NULL,NULL,NULL),
(977,'Shreedeo Sapatnath','Maharashtra',NULL,15.888944,73.893564,NULL,NULL,NULL),
(978,'Sarmale','Maharashtra',NULL,15.873997,73.899167,NULL,NULL,NULL),
(979,'Sawarwadi-Chavata','Maharashtra',NULL,15.984764,73.926881,NULL,NULL,NULL),
(980,'Tamboli','Maharashtra',NULL,15.838694,73.924556,NULL,NULL,NULL),
(981,'Badyachi Rai','Maharashtra',NULL,16.003750,73.983750,NULL,NULL,NULL),
(982,'Pailadwadi/Helekar','Maharashtra',NULL,15.989389,73.965333,NULL,NULL,NULL),
(983,'Talekarwadi','Maharashtra',NULL,15.984917,73.961472,NULL,NULL,NULL),
(984,'Mundomalini','West Bengal',NULL,23.780625,87.675839,NULL,NULL,NULL),
(985,'Baba Dharmaraj','West Bengal',NULL,23.700608,87.677078,NULL,NULL,NULL),
(986,'Burobaba than 1','West Bengal',NULL,23.616211,87.610211,NULL,NULL,NULL),
(987,'Burobaba Than 2','West Bengal',NULL,23.615750,87.586092,NULL,NULL,NULL),
(988,'ShemulBuro','West Bengal',NULL,23.615075,87.534603,NULL,NULL,NULL),
(989,'Nabadurga (Bahiri)','West Bengal',NULL,23.649489,87.776344,NULL,NULL,NULL),
(990,'Jatadhari Baba','West Bengal',NULL,23.646044,87.772208,NULL,NULL,NULL),
(991,'Baba Diner Pir','West Bengal',NULL,23.651047,87.834197,NULL,NULL,NULL),
(992,'Jhakraburi','West Bengal',NULL,23.613211,87.845728,NULL,NULL,NULL),
(993,'KhetrafalTala','West Bengal',NULL,23.605275,87.787000,NULL,NULL,NULL),
(994,'Kali Than','West Bengal',NULL,23.601175,87.788500,NULL,NULL,NULL),
(995,'Baro Thakur (Amdhara)','West Bengal',NULL,23.599953,87.785744,NULL,NULL,NULL),
(996,'RokaiBibir Than','West Bengal',NULL,23.570053,87.869089,NULL,NULL,NULL),
(997,'Satbhai Kali Tola','West Bengal',NULL,23.025339,88.849904,NULL,NULL,NULL),
(998,'Maa Siddheswari Mandir &','West Bengal',NULL,23.137333,88.818347,NULL,NULL,NULL),
(999,'Hajragachhi Dharampukuria','West Bengal',NULL,23.948133,88.820148,NULL,NULL,NULL),
(1000,'Chhaghoria Jora Shiv Kali Mandir','West Bengal',NULL,23.044522,88.851653,NULL,NULL,NULL),
(1001,'Ghosh Para Shiv Tala','West Bengal',NULL,23.008728,88.793425,NULL,NULL,NULL),
(1002,'Teghoria Maa Kali','West Bengal',NULL,23.184837,88.803110,NULL,NULL,NULL),
(1003,'Mahadeb Tala','West Bengal',NULL,23.191688,88.925072,NULL,NULL,NULL),
(1004,'Koniara Purono Dargah','West Bengal',NULL,23.177745,88.797628,NULL,NULL,NULL),
(1005,'Harinathpur Baultala','West Bengal',NULL,23.188823,88.786214,NULL,NULL,NULL),
(1006,'Chanditala Ghat','West Bengal',NULL,22.884634,88.777202,NULL,NULL,NULL),
(1007,'Dakshina Kali','West Bengal',NULL,22.852736,88.585372,NULL,NULL,NULL),
(1008,'Koalipota Manasa o Rath Than','West Bengal',NULL,22.851814,88.585467,NULL,NULL,NULL),
(1009,'Kachua Dham Lokenath Baba Mandir','West Bengal',NULL,22.668950,88.717836,NULL,NULL,NULL),
(1010,'Kankra Kali-Anandamoyee Temple','West Bengal',NULL,22.666822,88.717836,NULL,NULL,NULL),
(1011,'Sahandir Dargah','West Bengal',NULL,22.450139,88.983361,NULL,NULL,NULL),
(1012,'Hajra Tala Devi Than','West Bengal',NULL,22.534264,88.829750,NULL,NULL,NULL),
(1013,'Kumarpur Thakur Than','West Bengal',NULL,22.591139,88.877556,NULL,NULL,NULL),
(1014,'Biswanathpur Kali Manasa Mandir','West Bengal',NULL,22.712556,88.619278,NULL,NULL,NULL),
(1015,'BKR Idgah Maidan','West Bengal',NULL,22.702289,88.638333,NULL,NULL,NULL),
(1016,'Ganghati Kabarsthan 12mt ASL','West Bengal',NULL,22.727633,88.643783,NULL,NULL,NULL),
(1017,'Khejurdanga Bara Kabarsthan, 12 mt ASL','West Bengal',NULL,22.716217,88.640600,NULL,NULL,NULL),
(1018,'Ramnathpur Kabarsthan and Dargah','West Bengal',NULL,22.716667,88.618733,NULL,NULL,NULL),
(1019,'Bamunmura Sitala Mata Temple/','West Bengal',NULL,22.709444,88.482500,NULL,NULL,NULL),
(1020,'Bajrangbali-Maa Kali Mandir','West Bengal',NULL,22.715694,88.482222,NULL,NULL,NULL),
(1021,'Sri Guru Gorakshnathji Mandir Sree Sidhanath Kapilmuni Ashram','West Bengal',NULL,22.620556,88.426667,NULL,NULL,NULL),
(1022,'Atisarara Manik Pir\'s Dargah and Idgah','West Bengal',NULL,22.899167,88.496667,NULL,NULL,NULL),
(1023,'Atisara Baba Panchanan Tala Sacred','West Bengal',NULL,22.896944,88.498333,NULL,NULL,NULL),
(1024,'Shri Shri Nandadulal Temple - Saibona village ManasaThan','West Bengal',NULL,22.745900,88.740375,NULL,NULL,NULL),
(1025,'Dadpur Ghoshpara Radha Gobinda Than','West Bengal',NULL,22.895833,88.517778,NULL,NULL,NULL),
(1026,'Kachiara Dudh Tala Manik Pir Than','West Bengal',NULL,22.895278,88.513056,NULL,NULL,NULL),
(1027,'Kachiara Maa Kali Than','West Bengal',NULL,22.893611,88.530556,NULL,NULL,NULL),
(1028,'Radha Ballav Mandir -Dadpur','West Bengal',NULL,22.895556,88.515278,NULL,NULL,NULL),
(1029,'Dadpur Gostha Bagan','West Bengal',NULL,22.898611,88.518611,NULL,NULL,NULL),
(1030,'Alam Dev','Madhya Pradesh',NULL,21.813830,78.727320,NULL,NULL,NULL),
(1031,'Tapka Nala','Madhya Pradesh',NULL,21.778330,78.687330,NULL,NULL,NULL),
(1032,'Saiki Patki','Madhya Pradesh',NULL,21.732170,78.722070,NULL,NULL,NULL),
(1033,'Lambadev','Madhya Pradesh',NULL,21.739000,78.741500,NULL,NULL,NULL),
(1034,'Marutinandan','Madhya Pradesh',NULL,21.764200,78.730330,NULL,NULL,NULL),
(1035,'Shiv Mandir','Madhya Pradesh',NULL,21.673170,78.434830,NULL,NULL,NULL),
(1036,'Shivmandir chatwa','Madhya Pradesh',NULL,21.710330,78.484000,NULL,NULL,NULL),
(1037,'Domaji Mahraj','Madhya Pradesh',NULL,21.609500,78.598830,NULL,NULL,NULL),
(1038,'Dadaji Mandir','Madhya Pradesh',NULL,21.570170,78.700830,NULL,NULL,NULL),
(1039,'Peerbaba Ki Mazar','Madhya Pradesh',NULL,21.529670,78.752670,NULL,NULL,NULL),
(1040,'Peerbaba Ki Dargah','Madhya Pradesh',NULL,21.495830,78.639830,NULL,NULL,NULL),
(1041,'Banjari Mata','Madhya Pradesh',NULL,21.683000,78.663170,NULL,NULL,NULL),
(1042,'Badadev','Madhya Pradesh',NULL,21.686170,78.645830,NULL,NULL,NULL),
(1043,'Shankar Ji Ka Mandir','Madhya Pradesh',NULL,21.707000,78.768330,NULL,NULL,NULL),
(1044,'Shankarji Mandir (Chipadghondi)','Madhya Pradesh',NULL,21.695530,78.833580,NULL,NULL,NULL),
(1045,'Badi Banjarimata','Madhya Pradesh',NULL,21.790830,78.830580,NULL,NULL,NULL),
(1046,'Baba Majnoon Shah','Madhya Pradesh',NULL,21.788320,78.839280,NULL,NULL,NULL),
(1047,'Shani Mandir','Madhya Pradesh',NULL,22.159700,78.790070,NULL,NULL,NULL),
(1048,'Ram Mandir','Madhya Pradesh',NULL,22.160420,78.751330,NULL,NULL,NULL),
(1049,'Hanuman Mandir','Madhya Pradesh',NULL,22.015720,78.765950,NULL,NULL,NULL),
(1050,'Durga Mandir','Madhya Pradesh',NULL,22.181920,78.766420,NULL,NULL,NULL),
(1051,'Baba Syced Hassan Ki Dargah','Madhya Pradesh',NULL,22.181770,78.765730,NULL,NULL,NULL),
(1052,'Mahulwale Dada Ka Hanuman Mandir/Siddha Baba','Madhya Pradesh',NULL,22.170870,78.739230,NULL,NULL,NULL),
(1053,'Hanuman, Peerbaba','Madhya Pradesh',NULL,22.264200,78.764300,NULL,NULL,NULL),
(1054,'Nagdev','Madhya Pradesh',NULL,22.285780,78.825950,NULL,NULL,NULL),
(1055,'Dev Rani Dai Mata','Madhya Pradesh',NULL,22.285800,78.826220,NULL,NULL,NULL),
(1056,'Mata Dai Mandir','Madhya Pradesh',NULL,22.293600,78.851870,NULL,NULL,NULL),
(1057,'Junnardeo Bishala','Madhya Pradesh',NULL,22.219570,78.581450,NULL,NULL,NULL),
(1058,'Chota Maha Dev','Madhya Pradesh',NULL,22.352900,78.667380,NULL,NULL,NULL),
(1059,'Girja Mai','Madhya Pradesh',NULL,22.298920,78.533380,NULL,NULL,NULL),
(1060,'Machindernath','Madhya Pradesh',NULL,22.265250,78.470900,NULL,NULL,NULL),
(1061,'Gorakh Nath Dev','Madhya Pradesh',NULL,22.270830,78.470800,NULL,NULL,NULL),
(1062,'Nandagiri Shiv Mandir','Madhya Pradesh',NULL,22.204950,78.448950,NULL,NULL,NULL),
(1063,'Siddha Baba','Madhya Pradesh',NULL,22.195220,78.475130,NULL,NULL,NULL),
(1064,'Nagthani Temple','Madhya Pradesh',NULL,22.297170,78.456500,NULL,NULL,NULL),
(1065,'Chandi Mai','Madhya Pradesh',NULL,22.376220,78.498780,NULL,NULL,NULL),
(1066,'Chilla Sharief','Madhya Pradesh',NULL,22.353730,78.637480,NULL,NULL,NULL),
(1067,'Badi Chandi Mai','Madhya Pradesh',NULL,22.406900,78.676480,NULL,NULL,NULL),
(1068,'Choti Chandi Mai','Madhya Pradesh',NULL,22.389550,78.677400,NULL,NULL,NULL),
(1069,'Banjari Mai','Madhya Pradesh',NULL,22.346880,78.637050,NULL,NULL,NULL),
(1070,'Naina Devi','Madhya Pradesh',NULL,22.346120,78.644870,NULL,NULL,NULL),
(1128,'Kurane-Buzaewade','Maharashtra',NULL,16.781500,74.094300,NULL,NULL,NULL),
(1129,'Kurli','Maharashtra',NULL,16.615400,74.392300,NULL,NULL,NULL),
(1130,'Kusur','Maharashtra',NULL,17.050800,73.949500,NULL,NULL,NULL),
(1131,'Majgaon','Maharashtra',NULL,16.669300,74.064200,NULL,NULL,NULL),
(1132,'Majivade','Maharashtra',NULL,16.863000,74.085600,NULL,NULL,NULL),
(1133,'Malewadi','Maharashtra',NULL,16.690200,74.179400,NULL,NULL,NULL),
(1134,'Malkapur','Maharashtra',NULL,16.404200,74.169800,NULL,NULL,NULL),
(1135,'Malgaon','Maharashtra',NULL,16.601300,74.079200,NULL,NULL,NULL),
(1136,'Mangvali','Maharashtra',NULL,16.721800,74.146500,NULL,NULL,NULL),
(1137,'Mani','Maharashtra',NULL,16.538400,74.194600,NULL,NULL,NULL),
(1138,'Manoli','Maharashtra',NULL,16.844300,74.212600,NULL,NULL,NULL),
(1139,'Sangashi','Maharashtra',NULL,16.580100,74.382400,NULL,NULL,NULL),
(1140,'Manope','Maharashtra',NULL,16.487600,74.287500,NULL,NULL,NULL),
(1141,'Manvet','Maharashtra',NULL,16.644800,74.231700,NULL,NULL,NULL),
(1142,'Mhalang','Maharashtra',NULL,16.716200,74.325400,NULL,NULL,NULL),
(1143,'Nanibale','Maharashtra',NULL,16.523000,74.258700,NULL,NULL,NULL),
(1144,'Naraveli','Maharashtra',NULL,16.637500,74.179200,NULL,NULL,NULL),
(1145,'Nimarule','Maharashtra',NULL,16.591300,74.312500,NULL,NULL,NULL),
(1146,'Nivade-Tisangi','Maharashtra',NULL,16.481900,74.245800,NULL,NULL,NULL),
(1147,'Nivate','Maharashtra',NULL,16.511400,74.223100,NULL,NULL,NULL),
(1148,'Padli','Maharashtra',NULL,16.589200,74.382600,NULL,NULL,NULL),
(1149,'Padsali','Maharashtra',NULL,16.672400,74.245100,NULL,NULL,NULL),
(1150,'Pal','Maharashtra',NULL,16.508900,74.193700,NULL,NULL,NULL),
(1151,'Palasmbe','Maharashtra',NULL,16.733200,74.204800,NULL,NULL,NULL),
(1152,'Palaswadi','Maharashtra',NULL,16.689400,74.279300,NULL,NULL,NULL),
(1153,'Parle','Maharashtra',NULL,16.541700,74.167200,NULL,NULL,NULL),
(1154,'Parpoli','Maharashtra',NULL,16.601200,74.399500,NULL,NULL,NULL),
(1155,'Patagaon','Maharashtra',NULL,16.719300,74.233800,NULL,NULL,NULL),
(1156,'Pathe','Maharashtra',NULL,16.652100,74.275900,NULL,NULL,NULL),
(1157,'Patpanahala','Maharashtra',NULL,16.710800,74.196400,NULL,NULL,NULL),
(1158,'Saitwade','Maharashtra',NULL,16.532800,74.308400,NULL,NULL,NULL),
(1159,'Sakedi','Maharashtra',NULL,16.617200,74.254900,NULL,NULL,NULL),
(1160,'Salvan','Maharashtra',NULL,16.487600,74.362100,NULL,NULL,NULL),
(1161,'Salvan (Gangoba)','Maharashtra',NULL,16.492300,74.367900,NULL,NULL,NULL),
(1162,'Salvan (Jyotiba','Maharashtra',NULL,16.488900,74.369200,NULL,NULL,NULL),
(1163,'Salvan (Narvelidevi)','Maharashtra',NULL,16.486500,74.361000,NULL,NULL,NULL),
(1164,'Aade','Maharashtra',NULL,17.884000,73.077000,NULL,NULL,NULL),
(1165,'Aaghari','Maharashtra',NULL,17.624000,73.136000,NULL,NULL,NULL),
(1166,'Aasud','Maharashtra',NULL,17.785000,73.136000,NULL,NULL,NULL),
(1167,'Aatgaon','Maharashtra',NULL,17.917000,73.077000,NULL,NULL,NULL),
(1168,'Agarwayangani','Maharashtra',NULL,17.631000,73.202000,NULL,NULL,NULL),
(1169,'Bandhtivare','Maharashtra',NULL,17.813000,73.197000,NULL,NULL,NULL),
(1170,'Bhadavale','Maharashtra',NULL,17.577000,73.345000,NULL,NULL,NULL),
(1171,'Bhatghar','Maharashtra',NULL,17.900000,73.311000,NULL,NULL,NULL),
(1172,'Bhomadi','Maharashtra',NULL,17.880000,73.163000,NULL,NULL,NULL),
(1173,'Bhopan_1','Maharashtra',NULL,17.615000,73.239000,NULL,NULL,NULL),
(1174,'Bhopan_2','Maharashtra',NULL,17.617000,73.244000,NULL,NULL,NULL),
(1175,'Bondivali','Maharashtra',NULL,17.808000,73.237000,NULL,NULL,NULL),
(1176,'Borivali','Maharashtra',NULL,17.648000,73.154000,NULL,NULL,NULL),
(1177,'Brahmnwadi','Maharashtra',NULL,17.741000,73.205000,NULL,NULL,NULL),
(1178,'Chandikanagar','Maharashtra',NULL,17.665000,73.149000,NULL,NULL,NULL),
(1179,'Chandranagar','Maharashtra',NULL,17.742000,73.156000,NULL,NULL,NULL),
(1180,'Chinchali','Maharashtra',NULL,17.859000,73.326000,NULL,NULL,NULL),
(1181,'Dabhol','Maharashtra',NULL,17.595000,73.181000,NULL,NULL,NULL),
(1182,'Damame','Maharashtra',NULL,17.604000,73.346000,NULL,NULL,NULL),
(1183,'Degaon','Maharashtra',NULL,17.644000,73.300000,NULL,NULL,NULL),
(1184,'Dehen','Maharashtra',NULL,17.867000,73.161000,NULL,NULL,NULL),
(1185,'Derde','Maharashtra',NULL,17.597000,73.218000,NULL,NULL,NULL),
(1186,'Devake','Maharashtra',NULL,17.682000,73.137000,NULL,NULL,NULL),
(1187,'Dhankoli','Maharashtra',NULL,17.849000,73.227000,NULL,NULL,NULL),
(1188,'Douli','Maharashtra',NULL,17.890000,73.157000,NULL,NULL,NULL),
(1189,'Ganpatipule','Maharashtra',NULL,17.858000,73.281000,NULL,NULL,NULL),
(1190,'Gavhe','Maharashtra',NULL,17.729000,73.170000,NULL,NULL,NULL),
(1191,'Gavrai','Maharashtra',NULL,17.661000,73.230000,NULL,NULL,NULL),
(1192,'Gavtale','Maharashtra',NULL,17.706000,73.287000,NULL,NULL,NULL),
(1193,'Hatip','Maharashtra',NULL,17.846000,73.309000,NULL,NULL,NULL),
(1194,'Ilane','Maharashtra',NULL,17.876000,73.103000,NULL,NULL,NULL),
(1195,'Jalgaon','Maharashtra',NULL,17.736000,73.199000,NULL,NULL,NULL),
(1196,'Jamage','Maharashtra',NULL,17.873000,73.340000,NULL,NULL,NULL),
(1197,'Kadivali','Maharashtra',NULL,17.870000,73.229000,NULL,NULL,NULL),
(1198,'Kalambat','Maharashtra',NULL,17.818000,73.145000,NULL,NULL,NULL),
(1199,'Kalki','Maharashtra',NULL,17.644000,73.206000,NULL,NULL,NULL),
(1200,'Kangavai','Maharashtra',NULL,17.895000,73.207000,NULL,NULL,NULL),
(1201,'Karanjani','Maharashtra',NULL,17.785000,73.250000,NULL,NULL,NULL),
(1202,'Karde','Maharashtra',NULL,17.755000,73.140000,NULL,NULL,NULL),
(1203,'Kavdoli','Maharashtra',NULL,17.920000,73.109000,NULL,NULL,NULL),
(1204,'kelil','Maharashtra',NULL,17.634000,73.241000,NULL,NULL,NULL),
(1205,'Kharavate','Maharashtra',NULL,17.903000,73.150000,NULL,NULL,NULL),
(1206,'Kherdi','Maharashtra',NULL,17.790000,73.225000,NULL,NULL,NULL),
(1207,'Kondhe','Maharashtra',NULL,17.670000,73.317000,NULL,NULL,NULL),
(1208,'Kongale','Maharashtra',NULL,17.809000,73.225000,NULL,NULL,NULL),
(1209,'Kudavale','Maharashtra',NULL,17.861000,73.244000,NULL,NULL,NULL),
(1210,'Kumbhave','Maharashtra',NULL,17.750000,73.258000,NULL,NULL,NULL),
(1211,'Ladghar','Maharashtra',NULL,17.719000,73.136000,NULL,NULL,NULL),
(1212,'Lonvadi','Maharashtra',NULL,17.871000,73.107000,NULL,NULL,NULL),
(1213,'Mahamainagar','Maharashtra',NULL,17.662000,73.131000,NULL,NULL,NULL),
(1214,'Male','Maharashtra',NULL,17.650000,73.180000,NULL,NULL,NULL),
(1215,'Male_1','Maharashtra',NULL,17.650000,73.182000,NULL,NULL,NULL),
(1216,'Malvi','Maharashtra',NULL,17.890000,73.098000,NULL,NULL,NULL),
(1217,'Mandivali','Maharashtra',NULL,17.937000,73.120000,NULL,NULL,NULL),
(1218,'Mathegujar','Maharashtra',NULL,17.661000,73.214000,NULL,NULL,NULL),
(1219,'Matwan','Maharashtra',NULL,17.834000,73.269000,NULL,NULL,NULL),
(1220,'Mugij','Maharashtra',NULL,17.894000,73.304000,NULL,NULL,NULL),
(1221,'Murdi','Maharashtra',NULL,17.848000,73.108000,NULL,NULL,NULL),
(1222,'Murud','Maharashtra',NULL,17.777000,73.122000,NULL,NULL,NULL),
(1223,'Nanate','Maharashtra',NULL,17.673000,73.197000,NULL,NULL,NULL),
(1224,'Navashi','Maharashtra',NULL,17.764000,73.260000,NULL,NULL,NULL),
(1225,'Olgaon','Maharashtra',NULL,17.690000,73.184000,NULL,NULL,NULL),
(1226,'Onnavase','Maharashtra',NULL,17.598000,73.224000,NULL,NULL,NULL),
(1227,'Pachavali','Maharashtra',NULL,17.802000,73.284000,NULL,NULL,NULL),
(1228,'Palgad','Maharashtra',NULL,17.785000,73.336000,NULL,NULL,NULL),
(1229,'Panderi','Maharashtra',NULL,17.590000,73.251000,NULL,NULL,NULL),
(1230,'Panhalekaji','Maharashtra',NULL,17.644000,73.240000,NULL,NULL,NULL),
(1231,'Phanasu','Maharashtra',NULL,17.654000,73.279000,NULL,NULL,NULL),
(1232,'Pichdoli','Maharashtra',NULL,17.969000,73.273000,NULL,NULL,NULL),
(1233,'Ravtoli','Maharashtra',NULL,17.922000,73.104000,NULL,NULL,NULL),
(1234,'Revali','Maharashtra',NULL,17.851000,73.191000,NULL,NULL,NULL),
(1235,'Rovale','Maharashtra',NULL,17.908000,73.094000,NULL,NULL,NULL),
(1236,'Sadavali','Maharashtra',NULL,17.709000,73.222000,NULL,NULL,NULL),
(1237,'Sakhloli','Maharashtra',NULL,17.734000,73.256000,NULL,NULL,NULL),
(1238,'Saldure','Maharashtra',NULL,17.791000,73.112000,NULL,NULL,NULL),
(1239,'Sarang','Maharashtra',NULL,17.814000,73.163000,NULL,NULL,NULL),
(1240,'Satere T. Haveli','Maharashtra',NULL,17.636000,73.230000,NULL,NULL,NULL),
(1241,'Satere T. Natu','Maharashtra',NULL,17.877000,73.344000,NULL,NULL,NULL),
(1242,'Shirkhal','Maharashtra',NULL,17.851000,73.324000,NULL,NULL,NULL),
(1243,'Shirsadi','Maharashtra',NULL,17.894000,73.334000,NULL,NULL,NULL),
(1244,'Shirsoli','Maharashtra',NULL,17.872000,73.288000,NULL,NULL,NULL),
(1245,'Shitalnagar','Maharashtra',NULL,17.681000,73.127000,NULL,NULL,NULL),
(1246,'Shivajinagar','Maharashtra',NULL,17.783000,73.185000,NULL,NULL,NULL),
(1247,'Shivnari','Maharashtra',NULL,17.701000,73.284000,NULL,NULL,NULL),
(1248,'Soveli','Maharashtra',NULL,17.907000,73.315000,NULL,NULL,NULL),
(1249,'Sukondi','Maharashtra',NULL,17.862000,73.122000,NULL,NULL,NULL),
(1250,'Sukondi_1','Maharashtra',NULL,17.860000,73.131000,NULL,NULL,NULL),
(1251,'Talsure','Maharashtra',NULL,17.754000,73.233000,NULL,NULL,NULL),
(1252,'Terevayangani','Maharashtra',NULL,17.675000,73.222000,NULL,NULL,NULL),
(1253,'Umbarle','Maharashtra',NULL,17.696000,73.198000,NULL,NULL,NULL),
(1254,'Umbarshet','Maharashtra',NULL,17.924000,73.080000,NULL,NULL,NULL),
(1255,'Urfi','Maharashtra',NULL,17.664000,73.260000,NULL,NULL,NULL),
(1256,'Usgaon','Maharashtra',NULL,17.605000,73.192000,NULL,NULL,NULL),
(1257,'Vaghave','Maharashtra',NULL,17.808000,73.134000,NULL,NULL,NULL),
(1258,'Vaghivane','Maharashtra',NULL,17.881000,73.118000,NULL,NULL,NULL),
(1259,'Velavi','Maharashtra',NULL,17.866000,73.207000,NULL,NULL,NULL),
(1260,'Virsai','Maharashtra',NULL,17.903000,73.180000,NULL,NULL,NULL),
(1261,'Visapur','Maharashtra',NULL,17.866000,73.320000,NULL,NULL,NULL),
(1262,'Vishrantinagar','Maharashtra',NULL,17.873000,73.332000,NULL,NULL,NULL),
(1263,'Wakavali','Maharashtra',NULL,17.755000,73.297000,NULL,NULL,NULL),
(1264,'Wanzloli','Maharashtra',NULL,17.909000,73.130000,NULL,NULL,NULL),
(1265,'Wavghar','Maharashtra',NULL,17.587000,73.338000,NULL,NULL,NULL),
(1266,'Bheruji Ka Oran','Rajasthan',NULL,26.480389,74.456083,NULL,NULL,NULL),
(1267,'Bhuna Bai ji ka Oran','Rajasthan',NULL,26.498361,74.672111,NULL,NULL,NULL),
(1268,'Mandal Das ji Ka Oran','Rajasthan',NULL,27.644444,76.761278,NULL,NULL,NULL),
(1269,'Hanuman Ji Ka Oran','Rajasthan',NULL,27.257444,76.898750,NULL,NULL,NULL),
(1270,'Rupu Ka Vas Oran','Rajasthan',NULL,27.388139,76.269917,NULL,NULL,NULL),
(1271,'Shiv Ji Maharaj Ka Oran','Rajasthan',NULL,27.393222,76.230000,NULL,NULL,NULL),
(1272,'Dagia Bheruji Ka Oran','Rajasthan',NULL,23.752361,74.415528,NULL,NULL,NULL),
(1273,'Prathurinath ji Ka Oran','Rajasthan',NULL,23.547583,74.475028,NULL,NULL,NULL),
(1274,'Sai Baba Ka Mandir','Rajasthan',NULL,23.548167,74.465139,NULL,NULL,NULL),
(1275,'Devnarayan Ji Ka Oran','Rajasthan',NULL,24.799611,76.480528,NULL,NULL,NULL),
(1276,'Musain Mata Ji Ka Oran','Rajasthan',NULL,24.802861,76.638833,NULL,NULL,NULL),
(1277,'Kalla ji Ka Bagh (Nag)','Rajasthan',NULL,24.684778,76.727750,NULL,NULL,NULL),
(1278,'Bankal Mata ji Ka Oran','Rajasthan',NULL,25.599417,71.297361,NULL,NULL,NULL),
(1279,'Viratra Mata Ka Oran','Rajasthan',NULL,25.463389,71.026222,NULL,NULL,NULL),
(1280,'Mata ji Ka Oran','Rajasthan',NULL,26.105028,70.766472,NULL,NULL,NULL),
(1281,'Khubad Mata Ji Ka Oran','Rajasthan',NULL,25.525444,71.731111,NULL,NULL,NULL),
(1282,'Sawai Bhoj/Devnarayan Mandir','Rajasthan',NULL,25.731083,74.348528,NULL,NULL,NULL),
(1283,'Devnaryan Ji Ki Bani','Rajasthan',NULL,25.143833,75.109944,NULL,NULL,NULL),
(1284,'Devnaryan ji Ka Oran','Rajasthan',NULL,25.298639,75.105833,NULL,NULL,NULL),
(1285,'Goga Ji Ka Oran','Rajasthan',NULL,27.976083,72.893028,NULL,NULL,NULL),
(1286,'Karni Mata Ji ka Ora','Rajasthan',NULL,27.764528,73.060222,NULL,NULL,NULL),
(1287,'Gangrawal Ji Maharaj Ki Vani','Rajasthan',NULL,25.554278,75.526806,NULL,NULL,NULL),
(1288,'Rishi Mangri Oran','Rajasthan',NULL,24.944611,74.573222,NULL,NULL,NULL),
(1289,'Nahar Singhji Mata ka Oran','Rajasthan',NULL,24.981889,74.554472,NULL,NULL,NULL),
(1290,'Junjan Dodaji Ka Oran','Rajasthan',NULL,27.507583,73.976000,NULL,NULL,NULL),
(1292,'Gosai Ji Ka Oran','Rajasthan',NULL,27.775694,74.149500,NULL,NULL,NULL),
(1293,'Kaludas Baba Ki Dungri','Rajasthan',NULL,26.807778,76.631472,NULL,NULL,NULL),
(1294,'Devnarayna Ji Ka Oran','Rajasthan',NULL,26.974750,76.421389,NULL,NULL,NULL),
(1295,'Bali Baba Ki Dargah','Rajasthan',NULL,26.694778,77.889472,NULL,NULL,NULL),
(1296,'Govindguru Chhari Magri','Rajasthan',NULL,23.639306,73.833222,NULL,NULL,NULL),
(1297,'Chisti Peer ki Dargah','Rajasthan',NULL,29.658778,74.239972,NULL,NULL,NULL),
(1298,'Guru Gorakhnath Ji Ka Oran','Rajasthan',NULL,29.178250,75.032528,NULL,NULL,NULL),
(1299,'Bheru ji Ki Bani','Rajasthan',NULL,26.858361,75.842306,NULL,NULL,NULL),
(1300,'Ramdevji ka Oran','Rajasthan',NULL,26.993861,71.929500,NULL,NULL,NULL),
(1301,'Malani Oran','Rajasthan',NULL,26.460944,71.165028,NULL,NULL,NULL),
(1302,'Bellane Oran','Rajasthan',NULL,26.593833,71.194778,NULL,NULL,NULL),
(1303,'Dharneswar Mahadeo ka Oran','Rajasthan',NULL,25.260167,72.275000,NULL,NULL,NULL),
(1304,'Dudeshwar Mahadeo Ka Oran','Rajasthan',NULL,25.188361,72.506389,NULL,NULL,NULL),
(1305,'Jhootana Mama ji Ka Oran','Rajasthan',NULL,25.671833,72.792778,NULL,NULL,NULL),
(1306,'Kalla ji Ka Oran','Rajasthan',NULL,24.625833,76.493000,NULL,NULL,NULL),
(1307,'Bapulala Smirti Van','Rajasthan',NULL,24.501167,76.385056,NULL,NULL,NULL),
(1308,'Bihari ji Ka Mandir','Rajasthan',NULL,28.093611,75.549972,NULL,NULL,NULL),
(1309,'Prithviraj Ki Bani','Rajasthan',NULL,28.141389,75.510056,NULL,NULL,NULL),
(1310,'Panchmir Pir Ki Bani','Rajasthan',NULL,27.737583,75.325194,NULL,NULL,NULL),
(1311,'Kolu Pabuji Ka Oran','Rajasthan',NULL,26.917528,72.312389,NULL,NULL,NULL),
(1312,'Karni Mata Ji Oran','Rajasthan',NULL,26.174139,73.352917,NULL,NULL,NULL),
(1313,'Ramdeo Ji ka Oran','Rajasthan',NULL,26.518222,73.296806,NULL,NULL,NULL),
(1314,'Pabuji Ka Oran','Rajasthan',NULL,26.553889,73.349111,NULL,NULL,NULL),
(1315,'Joleyali Oran','Rajasthan',NULL,26.272611,72.749972,NULL,NULL,NULL),
(1316,'Barbasni Mata Ji Ka Oran','Rajasthan',NULL,26.283417,76.811222,NULL,NULL,NULL),
(1317,'Devnarayan Ji Ki Banni','Rajasthan',NULL,26.369417,77.151278,NULL,NULL,NULL),
(1318,'Dardevi Mata ji Ka Oran','Rajasthan',NULL,25.077250,75.919056,NULL,NULL,NULL),
(1319,'Devnarayan Bhagwan Ka Oran','Rajasthan',NULL,25.020750,76.060750,NULL,NULL,NULL),
(1320,'Devnarayan Ji Ka Oran','Rajasthan',NULL,25.059472,76.095500,NULL,NULL,NULL),
(1321,'Devnarayan Ji Ka Oran','Rajasthan',NULL,24.869444,76.338333,NULL,NULL,NULL),
(1322,'Dhokad Wali Mata ji Ka Oran','Rajasthan',NULL,24.764167,75.931639,NULL,NULL,NULL),
(1323,'Devnarayan Ji Ka Oran','Rajasthan',NULL,24.800139,75.948333,NULL,NULL,NULL),
(1324,'Hanuman Ji ka Oran','Rajasthan',NULL,25.047139,76.125361,NULL,NULL,NULL),
(1325,'Devnarayan Ji ka Oran','Rajasthan',NULL,25.085028,76.089667,NULL,NULL,NULL),
(1326,'Kalaji-Gora Ji Oran','Rajasthan',NULL,24.938000,76.050083,NULL,NULL,NULL),
(1327,'Bheruji Ka Oran','Rajasthan',NULL,27.442556,74.444944,NULL,NULL,NULL),
(1328,'Bheruji Ka Oran','Rajasthan',NULL,27.594861,74.409972,NULL,NULL,NULL),
(1329,'Gosai Ji Ka Oran','Rajasthan',NULL,27.029028,73.932889,NULL,NULL,NULL),
(1330,'Sathika Jogmaya Ji Ka Oran','Rajasthan',NULL,27.019833,73.191750,NULL,NULL,NULL),
(1331,'Laba ji Maharaj Ka Oran','Rajasthan',NULL,25.824528,73.638944,NULL,NULL,NULL),
(1332,'Mama ji Ka Oran','Rajasthan',NULL,26.551750,73.459167,NULL,NULL,NULL),
(1333,'Devnarayanji Ka Oran','Rajasthan',NULL,25.574556,73.289333,NULL,NULL,NULL),
(1334,'Ashapura Mata ji ka Oran','Rajasthan',NULL,25.380861,73.467472,NULL,NULL,NULL),
(1335,'Mata ji Ka Oran (Mada)','Rajasthan',NULL,25.214861,73.444889,NULL,NULL,NULL),
(1337,'Bijasau mata ji Bani','Rajasthan',NULL,24.076139,74.461611,NULL,NULL,NULL),
(1338,'Chandimata ji Ka Oran','Rajasthan',NULL,24.302611,74.727167,NULL,NULL,NULL),
(1339,'Devnarayan ji Ki Bani','Rajasthan',NULL,24.201444,74.707111,NULL,NULL,NULL),
(1340,'Devnarayan ji ki Bani','Rajasthan',NULL,25.533611,73.868000,NULL,NULL,NULL),
(1341,'Bheru Nath ji Ki Vani','Rajasthan',NULL,25.497528,73.900667,NULL,NULL,NULL),
(1342,'Chamunda Mata ji Ki Bani','Rajasthan',NULL,25.399806,74.014250,NULL,NULL,NULL),
(1343,'Haumanji ki Dungri','Rajasthan',NULL,26.133611,76.338194,NULL,NULL,NULL),
(1344,'Jasram Baba Ji Ki Bani','Rajasthan',NULL,25.875000,76.583444,NULL,NULL,NULL),
(1345,'Peer Baba Ki Dargah','Rajasthan',NULL,26.002667,76.130917,NULL,NULL,NULL),
(1346,'Bheruji Ki Bani','Rajasthan',NULL,27.571750,75.284861,NULL,NULL,NULL),
(1347,'Kheri Walai Balaji ka Oran','Rajasthan',NULL,27.474222,73.295889,NULL,NULL,NULL),
(1348,'Satimata Ji Ka Mandir','Rajasthan',NULL,27.290722,75.235639,NULL,NULL,NULL),
(1349,'Sidheswar Mahadeo Mandir','Rajasthan',NULL,24.803750,72.838028,NULL,NULL,NULL),
(1350,'Vorada Hanuman ji Ka Oran','Rajasthan',NULL,25.041944,72.683528,NULL,NULL,NULL),
(1351,'Magriwali Mata ji Ka Oran','Rajasthan',NULL,24.729250,72.978694,NULL,NULL,NULL),
(1352,'Gosai Ji Ka Jod','Rajasthan',NULL,29.014028,73.979306,NULL,NULL,NULL),
(1353,'Baba Gadanpur Ki Dargah','Rajasthan',NULL,29.360528,73.710278,NULL,NULL,NULL),
(1354,'Miyan Mama Peer Baba','Rajasthan',NULL,29.456528,73.740139,NULL,NULL,NULL),
(1355,'Baba Rahupeer Dargah','Rajasthan',NULL,29.199500,73.213611,NULL,NULL,NULL),
(1356,'Mata Ji Ka Darra','Rajasthan',NULL,25.911250,75.758167,NULL,NULL,NULL),
(1357,'Devnarayan Ka Asthan','Rajasthan',NULL,26.156194,75.988167,NULL,NULL,NULL),
(1358,'Devmaharaj Ka Asthan','Rajasthan',NULL,25.951306,75.745917,NULL,NULL,NULL),
(1360,'Hanuman Ji Ka Oran','Rajasthan',NULL,24.247167,73.487750,NULL,NULL,NULL),
(1362,'Kali Pahari Mata ji Ka Oran','Rajasthan',NULL,24.698167,74.005667,NULL,NULL,NULL),
(1363,'Kundeshwar Mahadevji Oran','Rajasthan',NULL,24.751750,73.653778,NULL,NULL,NULL),
(1364,'Tarkeshwar Mahadev Oran','Rajasthan',NULL,24.218667,73.713278,NULL,NULL,NULL),
(1365,'Ubeshwar ji Oran','Rajasthan',NULL,24.620333,73.561306,NULL,NULL,NULL),
(1366,'Devnarayan Ji Ka Oran','Rajasthan',NULL,26.526750,74.561528,NULL,NULL,NULL),
(1367,'Jharna Ji Ka Oran','Rajasthan',NULL,27.330361,76.896667,NULL,NULL,NULL),
(1368,'Mama ji Ki Selenadi','Rajasthan',NULL,26.089278,72.653139,NULL,NULL,NULL),
(1369,'Ghanshsyam Baba Ka Ashram','Rajasthan',NULL,27.614056,72.324472,NULL,NULL,NULL),
(1370,'Adi Badri Dham','Rajasthan',NULL,27.533333,77.205056,NULL,NULL,NULL),
(1371,'Karni Mata Ji Ka Oran','Rajasthan',NULL,27.785278,73.336528,NULL,NULL,NULL),
(1372,'Siya Mata ji Ki Bani','Rajasthan',NULL,25.612750,75.610417,NULL,NULL,NULL),
(1373,'Parbatheshwar Mahadeo ki Bani','Rajasthan',NULL,24.670806,75.634528,NULL,NULL,NULL),
(1374,'Devnarayan ji Ka Oran','Rajasthan',NULL,24.927111,74.549722,NULL,NULL,NULL),
(1375,'Sawanria ji Seth Dham','Rajasthan',NULL,27.112000,76.520472,NULL,NULL,NULL),
(1376,'MuchKund','Rajasthan',NULL,26.680528,77.867250,NULL,NULL,NULL),
(1377,'Mahadeo Ji Ka Oran','Rajasthan',NULL,26.799167,77.748472,NULL,NULL,NULL),
(1379,'Bhadra Kali Mata Ji Ka Oran','Rajasthan',NULL,29.600167,74.383972,NULL,NULL,NULL),
(1380,'Kapil Muni Ashram','Rajasthan',NULL,26.769833,75.913194,NULL,NULL,NULL),
(1381,'Shiv Dungri','Rajasthan',NULL,26.628417,75.927472,NULL,NULL,NULL),
(1382,'Bhadariya ji Ka Oran (old)','Rajasthan',NULL,27.059278,71.527472,NULL,NULL,NULL),
(1383,'Devnarayan Ji Ka Asthan','Rajasthan',NULL,24.356083,76.309361,NULL,NULL,NULL),
(1384,'Bhairav Ji Ka Bag','Rajasthan',NULL,24.651083,76.133750,NULL,NULL,NULL),
(1385,'Shiv Mandir, Kelkheura','Rajasthan',NULL,24.314806,76.911250,NULL,NULL,NULL),
(1386,'Dev Kothi Shimla','Himachal Pradesh',NULL,32.904715,76.223543,NULL,NULL,NULL),
(1387,'Nagrota Bagwan Kangra','Himachal Pradesh',NULL,32.106551,76.390858,NULL,NULL,NULL),
(1388,'Devban Kullu valley','Himachal Pradesh',NULL,31.925214,77.115879,NULL,NULL,NULL),
(1389,'Devta Kullu valley','Himachal Pradesh',NULL,31.953462,77.107982,NULL,NULL,NULL),
(1390,'Bakhu Devban Up Tukka','Himachal Pradesh',NULL,32.065250,77.540058,NULL,NULL,NULL),
(1391,'Railla Kullu','Himachal Pradesh',NULL,31.796457,77.329143,NULL,NULL,NULL),
(1392,'Ringu Nag','Himachal Pradesh',NULL,31.695167,77.321768,NULL,NULL,NULL),
(1393,'Baba Qutubdin Naughazia','Jammu and Kashmir',NULL,33.384251,74.320115,NULL,NULL,NULL),
(1394,'Durga Mata Mandir','Jammu and Kashmir',NULL,33.302253,74.317940,NULL,NULL,NULL),
(1395,'Pracheen Shiv Mandir Rajouri','Jammu and Kashmir',NULL,33.393055,74.342769,NULL,NULL,NULL),
(1396,'Shri 108 Brahmarishi Barfaniji maharaj Ashram Chhachhara','Jammu and Kashmir',NULL,33.390763,74.290921,NULL,NULL,NULL),
(1397,'Baba Chirki Temple Ranjan','Jammu and Kashmir',NULL,32.872318,74.726553,NULL,NULL,NULL),
(1398,'Baba Sua Temple Nargada','Jammu and Kashmir',NULL,32.887251,74.798681,NULL,NULL,NULL),
(1399,'Pata Sarovar Showa-Pata','Jammu and Kashmir',NULL,32.911847,74.843338,NULL,NULL,NULL),
(1400,'Shiv Temple Karwanda','Jammu and Kashmir',NULL,32.840599,74.814135,NULL,NULL,NULL),
(1401,'Sarhuli Mander Kabri','Jharkhand',NULL,23.581153,84.277127,NULL,NULL,NULL),
(1402,'Sarhuli Mander Chiraiah','Jharkhand',NULL,22.310752,85.266799,NULL,NULL,NULL),
(1403,'Sarhuli Mander Lat','Jharkhand',NULL,23.702642,84.123968,NULL,NULL,NULL),
(1404,'Sarhuli Mander Sonwar Tola','Jharkhand',NULL,23.646939,84.382321,NULL,NULL,NULL),
(1405,'Sarhuli Mander Baghmrawa','Jharkhand',NULL,23.793441,86.207976,NULL,NULL,NULL),
(1406,'Sarhuli Mander Pathratu','Jharkhand',NULL,23.643157,85.312265,NULL,NULL,NULL),
(1407,'Sarhuli Mander Kotam','Jharkhand',NULL,23.178206,84.468372,NULL,NULL,NULL),
(1408,'Sarhuli Mander Salwe','Jharkhand',NULL,23.857982,84.816497,NULL,NULL,NULL),
(1409,'Basara-Saraswati Temple','Telangana',NULL,18.877427,77.956498,NULL,NULL,NULL),
(1410,'Dankanapally','Telangana',NULL,17.260945,78.985584,NULL,NULL,NULL),
(1411,'Ginnedhari','Telangana',NULL,19.200569,79.240035,NULL,NULL,NULL),
(1412,'Jainath Temple','Telangana',NULL,19.735481,78.643758,NULL,NULL,NULL),
(1413,'Mahagaon Temple','Telangana',NULL,19.180404,77.982551,NULL,NULL,NULL),
(1414,'Guruvayur Temple','Kerala',NULL,10.594612,76.039350,NULL,NULL,NULL),
(1415,'Babasharfuddin Pahad Sacred Grove','Telangana',NULL,17.047967,80.097929,NULL,NULL,NULL),
(1416,'Chiran Palace','Telangana',NULL,17.422102,78.424681,NULL,NULL,NULL),
(1417,'Kaleswaram Temple','Telangana',NULL,18.812322,79.904632,NULL,NULL,NULL),
(1418,'Ramagiri Fort','Telangana',NULL,18.582392,79.529986,NULL,NULL,NULL),
(1419,'Parnasala','Telangana',NULL,17.932445,80.895830,NULL,NULL,NULL),
(1420,'Alladurg','Telangana',NULL,17.965744,77.926701,NULL,NULL,NULL),
(1421,'Chandrumgutta','Telangana',NULL,17.306550,78.473765,NULL,NULL,NULL),
(1422,'Vellugtla','Telangana',NULL,18.279617,78.013150,NULL,NULL,NULL),
(1423,'Ananthagiri','Telangana',NULL,18.258190,78.911767,NULL,NULL,NULL),
(1424,'Maheswaram','Telangana',NULL,17.134814,78.431344,NULL,NULL,NULL),
(1425,'Kotilinga','Telangana',NULL,18.861732,79.196963,NULL,NULL,NULL),
(1426,'Padmakshi Temple','Telangana',NULL,17.998280,79.567095,NULL,NULL,NULL),
(1427,'Khedapati','Madhya Pradesh',NULL,26.569376,77.958035,NULL,NULL,NULL),
(1428,'Bari Mata','Madhya Pradesh',NULL,23.114294,78.752860,NULL,NULL,NULL),
(1429,'Siddha Baba (water god)','Madhya Pradesh',NULL,22.498730,80.460861,NULL,NULL,NULL),
(1430,'Hanumanji (Bajrangbali) Ltarsi','Madhya Pradesh',NULL,22.592455,77.782671,NULL,NULL,NULL),
(1431,'Daiyat Baba Ltarsi','Madhya Pradesh',NULL,22.616702,77.751600,NULL,NULL,NULL),
(1432,'Chicha Baba Banapura','Madhya Pradesh',NULL,22.467333,77.477615,NULL,NULL,NULL),
(1433,'Jamunjhira Sohagpur','Madhya Pradesh',NULL,22.697020,78.200533,NULL,NULL,NULL),
(1434,'Khedapati Mai Pipariya','Madhya Pradesh',NULL,22.763636,78.355522,NULL,NULL,NULL),
(1435,'Nishan Garh Pipariya','Madhya Pradesh',NULL,22.762528,78.342905,NULL,NULL,NULL),
(1436,'Gutti Baba Bhora','Madhya Pradesh',NULL,24.235308,77.549068,NULL,NULL,NULL),
(1437,'Siddha Baba Pipariya','Madhya Pradesh',NULL,22.758412,78.351144,NULL,NULL,NULL),
(1438,'Banjarimaii Tamia','Madhya Pradesh',NULL,22.346223,78.671435,NULL,NULL,NULL),
(1439,'Durga Mandir Parasia','Madhya Pradesh',NULL,22.193065,78.773024,NULL,NULL,NULL),
(1440,'Chipadghondi Sausar','Madhya Pradesh',NULL,21.652880,78.797078,NULL,NULL,NULL),
(1441,'Baratgadh Amarwada','Madhya Pradesh',NULL,22.300012,79.166703,NULL,NULL,NULL),
(1442,'Dongerdeo Chaurai','Madhya Pradesh',NULL,21.828675,79.260990,NULL,NULL,NULL),
(1443,'Chargon Hoshangabad','Madhya Pradesh',NULL,21.779628,79.145517,NULL,NULL,NULL),
(1444,'Banjari Seoni','Madhya Pradesh',NULL,22.096533,79.541466,NULL,NULL,NULL),
(1445,'Udhadavne Ahmednagar','Maharashtra',NULL,18.436230,73.154946,NULL,NULL,NULL),
(1446,'Vandhara Bhandara','Maharashtra',NULL,21.177161,79.669143,NULL,NULL,NULL),
(1447,'Sondo Chandrapur','Maharashtra',NULL,19.654024,79.316496,NULL,NULL,NULL),
(1448,'Savkheda Jalgaon','Maharashtra',NULL,21.142140,75.233785,NULL,NULL,NULL),
(1449,'Belane Kd Kolhapur','Maharashtra',NULL,16.860929,74.870125,NULL,NULL,NULL),
(1450,'Koloshi Kolhapur','Maharashtra',NULL,19.225865,73.553174,NULL,NULL,NULL),
(1451,'Anjaneri Nashik','Maharashtra',NULL,19.920079,73.569141,NULL,NULL,NULL),
(1452,'Ambavane Pune','Maharashtra',NULL,18.272784,73.799529,NULL,NULL,NULL),
(1453,'Palase Pune','Maharashtra',NULL,18.399352,73.556065,NULL,NULL,NULL),
(1454,'Pangari Pune','Maharashtra',NULL,17.937505,73.771268,NULL,NULL,NULL),
(1455,'Mahad Raigad','Maharashtra',NULL,18.078774,73.433111,NULL,NULL,NULL),
(1456,'Aagave Ratnagiri','Maharashtra',NULL,16.896536,73.433046,NULL,NULL,NULL),
(1457,'Washi Ratnagiri','Maharashtra',NULL,18.541404,75.778434,NULL,NULL,NULL),
(1458,'Devrashtra Sangli','Maharashtra',NULL,17.164491,74.397182,NULL,NULL,NULL),
(1459,'Moleshwar Satara','Maharashtra',NULL,17.880002,73.733525,NULL,NULL,NULL),
(1460,'Achra Sindhudurg','Maharashtra',NULL,16.189038,73.449939,NULL,NULL,NULL),
(1461,'Yedgaon Sindhudurg','Maharashtra',NULL,19.163689,73.998694,NULL,NULL,NULL),
(1462,'Vetore Sindhudurg','Maharashtra',NULL,15.907416,73.661126,NULL,NULL,NULL),
(1463,'Pirumbaba Khanivali Thane','Maharashtra',NULL,19.600011,73.059264,NULL,NULL,NULL),
(1464,'Pabhal Yavatmal','Maharashtra',NULL,18.830855,74.053774,NULL,NULL,NULL),
(1465,'Sawongbung Lairenbi Sawongbung Bishnupur','Manipur',NULL,24.871720,94.019355,NULL,NULL,NULL),
(1466,'Tokpa Pung Lainingthou Thangmeiband D.M.College Bishnupur','Manipur',NULL,24.821472,93.943361,NULL,NULL,NULL),
(1467,'Arai Leima Lalabung Imphal East','Manipur',NULL,24.343060,93.842943,NULL,NULL,NULL),
(1468,'Emoinu Wangoi Imphal East','Manipur',NULL,24.679287,93.904842,NULL,NULL,NULL),
(1469,'Erum Ningthou Kakching Kakching Imphal West','Manipur',NULL,24.484270,93.969276,NULL,NULL,NULL),
(1470,'Koubru Tera Urak Imphal West','Manipur',NULL,24.529317,93.945367,NULL,NULL,NULL),
(1471,'Sagoltongba Ningthempokpa Sagoltongba Imphal West','Manipur',NULL,24.776276,93.856970,NULL,NULL,NULL),
(1472,'Wangoi Wangbarel Wangoi Thoubal','Manipur',NULL,24.671448,93.897289,NULL,NULL,NULL),
(1473,'Bora Miapara East Garo Hills','Meghalaya',NULL,25.930498,90.701702,NULL,NULL,NULL),
(1474,'Diengkain Wmwai East Khasi Hills','Meghalaya',NULL,25.213398,91.723504,NULL,NULL,NULL),
(1475,'Diengliengbah Rngiksheh East Khasi Hills','Meghalaya',NULL,25.418894,91.431039,NULL,NULL,NULL),
(1476,'Blai Law Raliang Jaintia Hills','Meghalaya',NULL,25.501811,92.391812,NULL,NULL,NULL),
(1477,'Nong Lyndoh Nongkhrai Nongpoh Ri Bhoi','Meghalaya',NULL,25.856860,91.834385,NULL,NULL,NULL),
(1478,'Angalgir West Garo Hills','Meghalaya',NULL,26.048261,91.835524,NULL,NULL,NULL),
(1479,'Lawren Nongstoin West Khasi Hills','Meghalaya',NULL,25.509940,91.258780,NULL,NULL,NULL),
(1480,'Devi Bhairabi Bhairabguda','Odisha',NULL,21.373082,86.157445,NULL,NULL,NULL),
(1481,'Sunya Mandap Ramda Hill','Odisha',NULL,21.267839,86.413989,NULL,NULL,NULL),
(1482,'Purnapani Purnapani RF','Odisha',NULL,20.604613,83.540052,NULL,NULL,NULL),
(1483,'Raibania Raibania RF','Odisha',NULL,21.908824,87.202046,NULL,NULL,NULL),
(1484,'Bukkacherla','Andhra Pradesh',NULL,14.549352,77.515528,NULL,NULL,NULL),
(1485,'Alur Kona','Andhra Pradesh',NULL,14.942432,78.075317,NULL,NULL,NULL),
(1486,'Aswarthakshetam Sacred Grove','Andhra Pradesh',NULL,14.941323,77.866175,NULL,NULL,NULL),
(1487,'Atmakur Darga Sacred Grove','Andhra Pradesh',NULL,15.881275,78.583795,NULL,NULL,NULL),
(1488,'Gundlamalleswara Sacred Grove peddagantipalli','Andhra Pradesh',NULL,16.013002,78.971779,NULL,NULL,NULL),
(1489,'Reddamma konda','Andhra Pradesh',NULL,13.838195,78.643935,NULL,NULL,NULL),
(1490,'lankamalleswara temple','Andhra Pradesh',NULL,14.547605,78.855357,NULL,NULL,NULL),
(1491,'Poleramma Sacred Grov','Tamil Nadu',NULL,12.000172,79.803524,NULL,NULL,NULL),
(1492,'Kolleru Kota Sacred Grove','Andhra Pradesh',NULL,16.681500,81.343552,NULL,NULL,NULL),
(1493,'Bhimeswara Sacred Grove','Andhra Pradesh',NULL,16.754205,81.532757,NULL,NULL,NULL),
(1494,'Gudikal Sacred grove gudikal/yemmiganur','Andhra Pradesh',NULL,15.747240,77.472416,NULL,NULL,NULL),
(1495,'Panyam Sacred Grove','Andhra Pradesh',NULL,15.511788,78.354106,NULL,NULL,NULL),
(1496,'Sunkalamma-narasimha grove','Andhra Pradesh',NULL,15.514863,78.348219,NULL,NULL,NULL),
(1497,'Avva- Thatha Sacred Grove idukurpet','Andhra Pradesh',NULL,14.470274,80.096555,NULL,NULL,NULL),
(1498,'Chennakesava Sacred Grove chejerla','Andhra Pradesh',NULL,14.521627,79.565643,NULL,NULL,NULL),
(1499,'Mathamma Temple Sacred Grove','Andhra Pradesh',NULL,14.415576,79.661266,NULL,NULL,NULL),
(1500,'Prasanna Venkateshwara Sacred Grove','Andhra Pradesh',NULL,13.537179,79.477612,NULL,NULL,NULL),
(1501,'Thumrnagunta Ayappa Sacred Grove','Andhra Pradesh',NULL,14.596849,80.060814,NULL,NULL,NULL),
(1502,'Tarlakota Sacred Grove','Odisha',NULL,18.288224,82.051724,NULL,NULL,NULL),
(1503,'Tagarapuvalasa Sacred Grove','Andhra Pradesh',NULL,17.926427,83.432064,NULL,NULL,NULL),
(1504,'Laxmivan Chamouli','Uttarakhand',NULL,30.748890,79.355091,NULL,NULL,NULL),
(1505,'Fulana Thaing Chamouli','Uttarakhand',NULL,30.621659,79.435057,NULL,NULL,NULL),
(1506,'Sivalaika Jungle Chamouli','Uttarakhand',NULL,30.735575,78.786530,NULL,NULL,NULL),
(1507,'Haat kali Mandir Haripur Motia Uttarakhand','Uttarakhand',NULL,29.161922,79.486883,NULL,NULL,NULL),
(1508,'mahdori forest','Uttarakhand',NULL,30.065729,78.862513,NULL,NULL,NULL),
(1509,'Gadhner Toulee','Uttarakhand',NULL,30.494448,78.644451,NULL,NULL,NULL),
(1510,'Shivlya Kanera','Uttarakhand',NULL,29.925604,79.055798,NULL,NULL,NULL),
(1511,'van panchayat uttarakhand','Uttarakhand',NULL,30.480962,79.422571,NULL,NULL,NULL),
(1512,'Nauntuli Devi','Uttarakhand',NULL,30.221722,79.202831,NULL,NULL,NULL),
(1513,'Socheng','Assam',NULL,25.931135,92.562608,NULL,NULL,NULL),
(1514,'Chinthong','Assam',NULL,26.069181,93.292636,NULL,NULL,NULL),
(1515,'Langsomepi','Assam',NULL,26.433863,93.471927,NULL,NULL,NULL),
(1516,'Linchika','Assam',NULL,25.882249,92.676370,NULL,NULL,NULL),
(1517,'Rongcheck','Assam',NULL,25.872173,92.491512,NULL,NULL,NULL),
(1518,'Long-e-luboi','Assam',NULL,25.915694,92.501518,NULL,NULL,NULL),
(1519,'Rumphum','Assam',NULL,25.781567,92.368801,NULL,NULL,NULL),
(1520,'Tirkim','Assam',NULL,25.834599,92.574899,NULL,NULL,NULL),
(1521,'Ronghidi','Assam',NULL,25.841920,92.315474,NULL,NULL,NULL),
(1522,'Borgaon','Assam',NULL,26.697825,92.579607,NULL,NULL,NULL),
(1523,'Jirkinding','Assam',NULL,25.745332,92.814683,NULL,NULL,NULL),
(1524,'Rongpongbong','Assam',NULL,25.713771,92.525550,NULL,NULL,NULL),
(1525,'Umsowai','Assam',NULL,25.932206,92.444097,NULL,NULL,NULL),
(1526,'Rongjangphomg','Assam',NULL,25.724688,92.789404,NULL,NULL,NULL),
(1527,'Kungripi','Assam',NULL,25.896447,92.434032,NULL,NULL,NULL),
(1528,'Longmailaidikho','Assam',NULL,25.235069,93.099328,NULL,NULL,NULL),
(1529,'Khedamara Chhattisgarh','Chhattisgarh',NULL,21.271406,81.388726,NULL,NULL,NULL),
(1530,'Budhadev Mandir Bhothali','Chhattisgarh',NULL,20.894840,81.244825,NULL,NULL,NULL),
(1531,'Mandar Chhattisgarh','Chhattisgarh',NULL,19.107754,81.703488,NULL,NULL,NULL),
(1532,'Bhimsen Kund Bendarchi','Chhattisgarh',NULL,21.743297,81.240107,NULL,NULL,NULL),
(1533,'Bakhari Path Chhattisgarh','Chhattisgarh',NULL,22.364549,81.292089,NULL,NULL,NULL),
(1534,'Bhoramdev Temple Chhattisgarh','Chhattisgarh',NULL,22.115137,81.148150,NULL,NULL,NULL),
(1535,'Keora Kund','Chhattisgarh',NULL,20.146088,81.721640,NULL,NULL,NULL),
(1536,'Sidh Baba Tapobhumi Bhaji Dongari','Chhattisgarh',NULL,21.798165,80.914134,NULL,NULL,NULL),
(1537,'Dukari Ghatiya Putputa','Chhattisgarh',NULL,22.406617,81.362456,NULL,NULL,NULL),
(1538,'Dokari Dayi Bhelki','Chhattisgarh',NULL,22.486485,81.372618,NULL,NULL,NULL),
(1539,'Ghurri Dongari Kodawa','Chhattisgarh',NULL,21.464399,82.078219,NULL,NULL,NULL),
(1540,'Narsingh Sthal Kamthi','Chhattisgarh',NULL,22.344031,81.427231,NULL,NULL,NULL),
(1541,'Bamhan Dayi Jhiriya Kala','Chhattisgarh',NULL,22.254055,81.456364,NULL,NULL,NULL),
(1542,'Singhal Dayi Narsinhpur','Chhattisgarh',NULL,22.269382,81.499035,NULL,NULL,NULL),
(1543,'Chandi Mandir Badaura','Chhattisgarh',NULL,22.274447,81.466116,NULL,NULL,NULL),
(1544,'Charan Tirath Gadaghat','Chhattisgarh',NULL,21.376494,81.282928,NULL,NULL,NULL),
(1545,'Kankalin Mandir Pacharahi','Chhattisgarh',NULL,22.302281,81.289032,NULL,NULL,NULL),
(1546,'Thakur Dev , Sirmi','Chhattisgarh',NULL,22.234229,81.316709,NULL,NULL,NULL),
(1547,'Birkha Dev','Chhattisgarh',NULL,20.875269,81.460249,NULL,NULL,NULL),
(1548,'Devachi Rai Ibrampur','Goa',NULL,15.714024,73.927983,NULL,NULL,NULL),
(1549,'Devachi Rai of Hankhan Ibrampur','Goa',NULL,15.716748,73.931157,NULL,NULL,NULL),
(1550,'Rashtrolyachi Rai of Tembwada Hankhane Ibrampur','Goa',NULL,15.731585,73.940097,NULL,NULL,NULL),
(1551,'Pirapeth of Angodwada Ibrampur','Goa',NULL,15.712865,73.914592,NULL,NULL,NULL),
(1552,'Devachi Rai Varconda','Goa',NULL,15.728182,73.848980,NULL,NULL,NULL),
(1553,'Nagardeshwar Virnoda','Goa',NULL,15.732219,73.846912,NULL,NULL,NULL),
(1554,'Zalmyachi Rai','Goa',NULL,15.709138,73.713562,NULL,NULL,NULL),
(1555,'Devachi Rai Cudnem','Goa',NULL,15.538002,74.024436,NULL,NULL,NULL),
(1556,'Barazan Cudchirem','Goa',NULL,15.710786,73.731162,NULL,NULL,NULL),
(1557,'Sidhdachi Rai of Vadaval Latambarcem','Goa',NULL,15.657713,73.938888,NULL,NULL,NULL),
(1558,'Barazan Mencurem','Goa',NULL,15.710807,73.731097,NULL,NULL,NULL),
(1559,'Dad Devachi Rai Mulgao','Goa',NULL,15.616391,73.911899,NULL,NULL,NULL),
(1560,'Nirankaryachi Rai of Vathadev Sarvona','Goa',NULL,15.576452,73.977077,NULL,NULL,NULL),
(1561,'kontinchya Ajyachi Rai Surla','Goa',NULL,15.509204,74.033343,NULL,NULL,NULL),
(1562,'Devachi Rai Birondem','Goa',NULL,15.492576,74.124534,NULL,NULL,NULL),
(1563,'Devachi Rai Buimpal','Goa',NULL,15.542852,74.085963,NULL,NULL,NULL),
(1564,'Devachi Rai Carambolim Buzruco','Goa',NULL,15.494494,73.939983,NULL,NULL,NULL),
(1565,'Holiyechi Rai Caranzol','Goa',NULL,15.362303,74.306201,NULL,NULL,NULL),
(1566,'Karalyachi Rai Caranzol','Goa',NULL,15.370745,74.288176,NULL,NULL,NULL),
(1567,'Devachi Rai Choraundem','Goa',NULL,15.639867,74.122856,NULL,NULL,NULL),
(1568,'Garamthan Kendua','West Bengal',NULL,24.972655,88.243445,NULL,NULL,NULL),
(1569,'Jualbhanga Than Kendua','West Bengal',NULL,24.963084,88.256706,NULL,NULL,NULL),
(1570,'Kashibandh','Jharkhand',NULL,24.184848,84.763766,NULL,NULL,NULL),
(1571,'Baram Than','Odisha',NULL,22.009445,86.691497,NULL,NULL,NULL),
(1572,'Sithal Than','West Bengal',NULL,23.468463,87.556917,NULL,NULL,NULL),
(1573,'Manasa Than','West Bengal',NULL,22.618876,87.389137,NULL,NULL,NULL),
(1574,'Kali Than','West Bengal',NULL,23.604556,88.171420,NULL,NULL,NULL),
(1575,'akirthan','West Bengal',NULL,22.439621,87.312726,NULL,NULL,NULL),
(1576,'Pakul','West Bengal',NULL,22.408043,87.357701,NULL,NULL,NULL),
(1577,'shilvia','West Bengal',NULL,22.108108,87.771980,NULL,NULL,NULL),
(1578,'maruja','Odisha',NULL,21.778899,86.306900,NULL,NULL,NULL),
(1579,'nitund','West Bengal',NULL,22.284188,88.509495,NULL,NULL,NULL),
(1580,'sthan','West Bengal',NULL,23.644455,88.270634,NULL,NULL,NULL),
(1581,'balam than','Jharkhand',NULL,22.464163,85.837796,NULL,NULL,NULL),
(1582,'Cholia Sabarkantha','Gujarat',NULL,24.313396,73.072812,NULL,NULL,NULL),
(1583,'Dotad Sabarkantha','Gujarat',NULL,24.285545,73.037514,NULL,NULL,NULL),
(1584,'Movatpura Sabarkantha','Gujarat',NULL,23.870084,72.864356,NULL,NULL,NULL),
(1585,'Sakarda Chosala Dahod','Gujarat',NULL,22.889144,74.241486,NULL,NULL,NULL),
(1586,'Kota village near sanjeli Dahod','Gujarat',NULL,23.066684,73.971015,NULL,NULL,NULL),
(1587,'Mukteshwar Banaskantha','Gujarat',NULL,24.046054,72.638340,NULL,NULL,NULL),
(1588,'Cholia Banaskantha','Gujarat',NULL,24.313552,73.067319,NULL,NULL,NULL),
(1589,'Ganer Banaskantha','Gujarat',NULL,24.318818,73.088628,NULL,NULL,NULL),
(1590,'Rinchadi Jetvas Banaskantha','Gujarat',NULL,24.317636,72.868344,NULL,NULL,NULL),
(1591,'Kheraniumbari Banaskantha','Gujarat',NULL,24.332328,72.833570,NULL,NULL,NULL),
(1592,'Khermal Banaskantha','Gujarat',NULL,24.220914,72.895023,NULL,NULL,NULL),
(1593,'Pataliya Banaskantha','Gujarat',NULL,23.883740,72.815699,NULL,NULL,NULL),
(1594,'Khuniya(Amirgad) Banaskantha','Gujarat',NULL,24.352628,72.640531,NULL,NULL,NULL),
(1595,'Pedagara Banaskantha','Gujarat',NULL,24.231060,72.551274,NULL,NULL,NULL),
(1596,'Khara Banaskantha','Gujarat',NULL,23.527271,72.297319,NULL,NULL,NULL),
(1597,'Surela Banaskantha','Gujarat',NULL,24.316206,72.584615,NULL,NULL,NULL),
(1598,'Shravan Kavadia temple','Gujarat',NULL,23.404520,69.968086,NULL,NULL,NULL),
(1599,'Chhibadi Mata Dantral Sabarkantha','Gujarat',NULL,24.322135,73.029418,NULL,NULL,NULL),
(1600,'Mevadwala/Devda Bhagvan Malvas Sabarkantha','Gujarat',NULL,24.275729,73.101014,NULL,NULL,NULL),
(1601,'Panchkrishna Therka Dahod','Gujarat',NULL,23.070000,74.208579,NULL,NULL,NULL),
(1602,'Ghugardev Mahadev Chhakaliya village Dahod','Gujarat',NULL,21.152379,73.451963,NULL,NULL,NULL),
(1603,'Samathi Baba Bholanath Jalbera','Haryana',NULL,30.314904,76.772922,NULL,NULL,NULL),
(1604,'Gurudwara Pehowa Jurasi Khurd','Haryana',NULL,29.983662,76.583775,NULL,NULL,NULL),
(1605,'Samadhi Baba Bahironath Kalasa','Haryana',NULL,30.055843,76.522044,NULL,NULL,NULL),
(1606,'Baba Gabirnath Karah','Haryana',NULL,30.049307,76.501129,NULL,NULL,NULL),
(1607,'Pranchi Shivji Mandir Pehowa','Haryana',NULL,29.980626,76.577689,NULL,NULL,NULL),
(1608,'Shrawan Nath Sarbhangi Bhorsaida','Haryana',NULL,29.963215,76.692613,NULL,NULL,NULL),
(1609,'Dera Sarbhangi Bakhali','Haryana',NULL,30.020614,76.519217,NULL,NULL,NULL),
(1610,'Temple Shiwala Shahabad','Haryana',NULL,30.167949,76.867222,NULL,NULL,NULL),
(1611,'Samabhi baba Bholanath Ismailabad','Haryana',NULL,30.112833,76.667082,NULL,NULL,NULL),
(1612,'Shiv Mandir Gorkha','Haryana',NULL,30.144942,76.716907,NULL,NULL,NULL),
(1613,'Shiwala Deh Pehowa','Haryana',NULL,29.985533,76.572883,NULL,NULL,NULL),
(1614,'Mani Goga Peer Chapara','Haryana',NULL,30.259267,76.994606,NULL,NULL,NULL),
(1615,'Manhofai Manhofai Village','Arunachal Pradesh',NULL,27.734379,95.924686,NULL,NULL,NULL),
(1616,'Momong Momong Village','Arunachal Pradesh',NULL,27.794662,95.992710,NULL,NULL,NULL),
(1617,'Namsai Pariyatti Sasana Buddhistu','Arunachal Pradesh',NULL,27.664558,95.858513,NULL,NULL,NULL),
(1618,'Takae Sacred Forest Bump Village','Arunachal Pradesh',NULL,27.599402,91.809883,NULL,NULL,NULL),
(1619,'Namet Namet Basti','Arunachal Pradesh',NULL,27.593810,91.863913,NULL,NULL,NULL),
(1620,'G. Naymgal Lhatse Sheyo Basti','Arunachal Pradesh',NULL,27.999545,96.696028,NULL,NULL,NULL),
(1621,'Grang Yang Village','Arunachal Pradesh',NULL,27.341630,92.256320,NULL,NULL,NULL),
(1622,'Lower Shera Basti','Arunachal Pradesh',NULL,27.159270,92.148892,NULL,NULL,NULL),
(1623,'G. G. Rabgyeling Bomdila Bazar','Arunachal Pradesh',NULL,27.268396,92.416434,NULL,NULL,NULL),
(1624,'Bomdila Bazar Line Bomdila Bazar','Arunachal Pradesh',NULL,27.268323,92.423558,NULL,NULL,NULL),
(1625,'Regilling Damnian Basti','Arunachal Pradesh',NULL,27.584774,91.809753,NULL,NULL,NULL),
(1626,'Gomluk Gumpa forest Dirang Basti West Kameng','Arunachal Pradesh',NULL,27.352704,92.272189,NULL,NULL,NULL),
(1627,'Lieung sacred forest Lieung Basti West Kameng','Arunachal Pradesh',NULL,27.215207,92.927200,NULL,NULL,NULL),
(1628,'Sangeechulen Gumpa forest','Arunachal Pradesh',NULL,27.197917,92.486305,NULL,NULL,NULL),
(1629,'Khadun Gumpa forest Dirang Basti West Kameng','Arunachal Pradesh',NULL,27.336846,92.284548,NULL,NULL,NULL),
(1630,'Kalchakar Gumpa forest Jyoti Nagar West Kameng','Arunachal Pradesh',NULL,27.361092,92.234517,NULL,NULL,NULL),
(1631,'Gontse Gaden Rabgyeling -1 Gumpa forest Bomdila Bazar West Kameng','Arunachal Pradesh',NULL,27.262754,92.419438,NULL,NULL,NULL),
(1632,'Kharsa Basti Pharmang forest kharsa Basti Tawang','Arunachal Pradesh',NULL,27.546014,91.989742,NULL,NULL,NULL),
(1633,'Jung Bara Basti Dudstang forest Jung Bara Basti Tawang','Arunachal Pradesh',NULL,27.581318,91.972327,NULL,NULL,NULL),
(1634,'Kharsa Basti Dudstang forest Kharsa Basti Tawang','Arunachal Pradesh',NULL,27.549819,91.991802,NULL,NULL,NULL),
(1635,'Khartung Basti Dudstang forest','Arunachal Pradesh',NULL,27.495755,91.743107,NULL,NULL,NULL),
(1636,'Dungarmani Gumpa forest Namazing Basti Tawang','Arunachal Pradesh',NULL,27.545873,91.979795,NULL,NULL,NULL),
(1637,'Brakar Gumpa forest Lhou Village Tawang','Arunachal Pradesh',NULL,27.584238,91.947734,NULL,NULL,NULL),
(1638,'Khirmu sacred forest Khirmu Village Tawang','Arunachal Pradesh',NULL,27.565893,91.890678,NULL,NULL,NULL),
(1639,'Sharmang Gumpa forest Namet Basti','Arunachal Pradesh',NULL,27.589550,91.858248,NULL,NULL,NULL),
(1640,'Lebrang Gumpa forest Lebrang Basti Tawang','Arunachal Pradesh',NULL,27.581824,91.835034,NULL,NULL,NULL),
(1641,'Khinmey Gumpa forest Khinmey Village Tawang','Arunachal Pradesh',NULL,27.585111,91.855976,NULL,NULL,NULL),
(1642,'Yang sacred forest Chambu Village Tawang','Arunachal Pradesh',NULL,27.087234,93.594410,NULL,NULL,NULL),
(1643,'Neharu Gumpa forest Tawang','Arunachal Pradesh',NULL,27.082084,93.602032,NULL,NULL,NULL),
(1644,'Kyong Thervada Gumpa forest Papumpare','Arunachal Pradesh',NULL,27.165932,93.447591,NULL,NULL,NULL),
(1645,'Devi Patan','Uttar Pradesh',NULL,27.524812,82.415640,NULL,NULL,NULL),
(1646,'Mangali Nath','Haryana',NULL,29.040581,75.735798,NULL,NULL,NULL),
(1647,'Karikot','Uttar Pradesh',NULL,28.260394,81.152383,NULL,NULL,NULL),
(1648,'Vibhuti Nath','Uttar Pradesh',NULL,27.789406,82.139325,NULL,NULL,NULL),
(1649,'Beriya Samaya Khalilpur Bahraich','Uttar Pradesh',NULL,27.533175,81.652556,NULL,NULL,NULL),
(1650,'Prithavi Nath Khargupur Gonda','Uttar Pradesh',NULL,27.358796,81.984958,NULL,NULL,NULL),
(1651,'Jhali Dham Gonda (Khargupur)','Uttar Pradesh',NULL,27.371678,81.989765,NULL,NULL,NULL),
(1652,'Akhand Param Dham Sirsiya','Uttar Pradesh',NULL,27.788648,82.098645,NULL,NULL,NULL),
(1653,'Kali Temples Bhinga shravasti','Uttar Pradesh',NULL,27.707239,81.935241,NULL,NULL,NULL),
(1654,'Sitadwar Gilaula','Uttar Pradesh',NULL,27.545757,81.801732,NULL,NULL,NULL),
(1655,'Devi Patan Tulsipur Balrampur','Uttar Pradesh',NULL,27.515741,82.422312,NULL,NULL,NULL),
(1656,'Shivala bag Nanpara Bahraich','Uttar Pradesh',NULL,27.873893,81.498014,NULL,NULL,NULL),
(1657,'Jangali Nath Basthanwa Bahraich','Uttar Pradesh',NULL,28.144416,81.441467,NULL,NULL,NULL),
(1658,'Mai Mata Bahraich','Uttar Pradesh',NULL,27.565041,81.593399,NULL,NULL,NULL),
(1659,'Mangali Nath Awadhes Gaon Nawabganj Bahraich','Uttar Pradesh',NULL,27.569093,81.531005,NULL,NULL,NULL),
(1660,'Karikot Village Karikot block Mehipurwa Bahraich','Uttar Pradesh',NULL,27.586165,81.611706,NULL,NULL,NULL),
(1661,'Van Satti Devi Bhabhar (Sohelwa) Balrampur','Uttar Pradesh',NULL,27.467430,82.123638,NULL,NULL,NULL),
(1662,'Vibhuti Nath East Sohelwa (Balrampur)','Uttar Pradesh',NULL,27.397410,82.152849,NULL,NULL,NULL),
(1663,'Son Pathari East Sohelwa (Balrampur)','Uttar Pradesh',NULL,27.397448,82.150403,NULL,NULL,NULL),
(1664,'Samay Mai Ka Sthan Sohelwa Balrampur','Uttar Pradesh',NULL,27.340472,82.192412,NULL,NULL,NULL),
(1665,'Van Satti Devi Sohelwa Balrampur','Uttar Pradesh',NULL,27.375540,82.134519,NULL,NULL,NULL),
(1666,'Van Satti Devi Tikari Compt. 4 & Vested forest (Gonda)','Uttar Pradesh',NULL,26.926988,82.208818,NULL,NULL,NULL),
(1667,'Van Satti Devi Kuana Range (Gonda)','Uttar Pradesh',NULL,27.145503,81.918501,NULL,NULL,NULL),
(1668,'Samay Mai Ka Sthan Kuana Range (Gonda)','Uttar Pradesh',NULL,27.096611,81.910262,NULL,NULL,NULL),
(1669,'Van Satti Devi Bhinga Range Shravasti F.D. Compt.36','Uttar Pradesh',NULL,27.851874,81.850414,NULL,NULL,NULL),
(1670,'Jagpati Dham Kakadari Range Shravasti F.D.','Uttar Pradesh',NULL,27.718360,81.888309,NULL,NULL,NULL),
(1671,'Samay Mai Ka Sthan Bhinga Range Shravasti F.D. Compt.35 40','Uttar Pradesh',NULL,27.765631,81.986370,NULL,NULL,NULL),
(1672,'Soonta Baba Rupaideeha Bahraich','Uttar Pradesh',NULL,27.863650,81.507799,NULL,NULL,NULL),
(1673,'Kapoore Baba Nanpara Bahraich','Uttar Pradesh',NULL,27.863650,81.507799,NULL,NULL,NULL),
(1674,'Bauri Samay Nanpara Bahraich F.D.','Uttar Pradesh',NULL,27.867975,81.492521,NULL,NULL,NULL),
(1675,'Chakia Range Bahraich F.D.','Uttar Pradesh',NULL,28.045656,81.380579,NULL,NULL,NULL),
(1676,'Pataal Choohi Katarniya Ghat Range Katarniya Ghat Div.','Uttar Pradesh',NULL,28.000246,81.280714,NULL,NULL,NULL),
(1677,'Mota Baba Katarniya Ghat Range Katarniya Ghat Div','Uttar Pradesh',NULL,27.997725,81.331169,NULL,NULL,NULL),
(1678,'Samay Mai Ka Sthan Murtiha Range (Katarniya Ghat Div.)','Uttar Pradesh',NULL,27.988656,81.301855,NULL,NULL,NULL),
(1679,'Sree Valliyoor Kavu Wayanad','Kerala',NULL,11.772771,75.888235,NULL,NULL,NULL),
(1680,'Kalapparambathu Thrissur','Kerala',NULL,10.521504,76.264444,NULL,NULL,NULL),
(1681,'Kalassery Kavu Pathanamthitta','Kerala',NULL,9.262530,76.803466,NULL,NULL,NULL),
(1682,'Kallingal Palakkad','Kerala',NULL,10.789682,76.621634,NULL,NULL,NULL),
(1683,'Bhagawathi Malappuram','Kerala',NULL,11.047875,76.052083,NULL,NULL,NULL),
(1684,'Vallal Kozhikode','Kerala',NULL,11.326492,75.739380,NULL,NULL,NULL),
(1685,'Koypathi Kottayam','Kerala',NULL,9.604610,76.535354,NULL,NULL,NULL),
(1686,'Kannan Kavu Kollam','Kerala',NULL,8.869794,76.606054,NULL,NULL,NULL),
(1687,'Hundi Kavu Kasaragod','Kerala',NULL,12.512755,74.978169,NULL,NULL,NULL),
(1688,'Edattu Kavu Kannur','Kerala',NULL,11.852616,75.366773,NULL,NULL,NULL),
(1689,'Kolana Kavu Idduki','Kerala',NULL,9.868072,76.923256,NULL,NULL,NULL),
(1690,'Ameda kavu Ernakulam','Kerala',NULL,8.688943,76.784782,NULL,NULL,NULL),
(1691,'Anchalumoottil Alappuzha','Kerala',NULL,8.913438,76.596571,NULL,NULL,NULL),
(1692,'Thimmal temple Krishnapuram Virudhunagar','Tamil Nadu',NULL,9.422039,77.505113,NULL,NULL,NULL),
(1693,'Aiyanar Pannaikuppam Villupuram','Tamil Nadu',NULL,11.919870,79.685383,NULL,NULL,NULL),
(1694,'Perumal Korathur Vellore','Tamil Nadu',NULL,13.115743,80.180507,NULL,NULL,NULL),
(1695,'Kaliamman Ettayapuram Tuticorin','Tamil Nadu',NULL,9.148510,78.000751,NULL,NULL,NULL),
(1696,'Aachayi Amman Anbil Lalgudi Thiruchirappalli','Tamil Nadu',NULL,10.865609,78.889399,NULL,NULL,NULL),
(1697,'Karuppurayan Valiyapalayam Dharapuram Thiruppur','Tamil Nadu',NULL,11.288253,77.416599,NULL,NULL,NULL),
(1698,'Ayyanar and Karuppu Abishekapuram Tirunelveli','Tamil Nadu',NULL,10.807573,78.678961,NULL,NULL,NULL),
(1699,'Aiyanar Vesalur Kudavasal Thiruvaru','Tamil Nadu',NULL,10.408231,78.667504,NULL,NULL,NULL),
(1700,'Aiyanarappan Agaram Tiruvannamalai','Tamil Nadu',NULL,10.795978,78.770326,NULL,NULL,NULL),
(1701,'Pathamathamma kovil Puthur AmbathurThiruvallur','Tamil Nadu',NULL,10.815444,78.676034,NULL,NULL,NULL),
(1702,'Velappar Theppampatti Aundipatti Theni','Tamil Nadu',NULL,9.895739,77.598254,NULL,NULL,NULL),
(1703,'Vinayagar Ketti Coonoor Nilgiris','Tamil Nadu',NULL,11.372980,76.730189,NULL,NULL,NULL),
(1704,'Kaligambal Manalur Kumbakoam Thanjavur','Tamil Nadu',NULL,12.018876,78.936102,NULL,NULL,NULL),
(1705,'Rajanageswari Ayyavayal Devakottai Sivaganga','Tamil Nadu',NULL,10.445912,78.827149,NULL,NULL,NULL),
(1707,'Dharma Sastha Kadaladi','Tamil Nadu',NULL,9.171649,78.445724,NULL,NULL,NULL),
(1708,'Karuppasamy Karusakkaadu Alangudi Pudukottai','Tamil Nadu',NULL,10.360268,78.980286,NULL,NULL,NULL),
(1709,'Aayiravalli amman Kunnam Perambalur','Tamil Nadu',NULL,11.230826,79.019725,NULL,NULL,NULL),
(1710,'Periyasamy Vellakuzhi Namakkal','Tamil Nadu',NULL,11.222931,78.175125,NULL,NULL,NULL),
(1711,'Pathiniamma Chetticherry Kivalur Nagapattinum','Tamil Nadu',NULL,10.770369,79.744287,NULL,NULL,NULL),
(1712,'Pandimuniswarar Pandikoil Madurai north','Tamil Nadu',NULL,9.935056,78.122623,NULL,NULL,NULL),
(1713,'Thirumathi Gangamma Pikkanapalli Hosur Krishnagiri','Tamil Nadu',NULL,12.636388,78.070133,NULL,NULL,NULL),
(1714,'Kalaiyamman/ karupasway Pavuthiram Aravankuruchi Karur','Tamil Nadu',NULL,10.774462,77.908915,NULL,NULL,NULL),
(1715,'Anchalikadavu Isakki Kaavu Agastheeswaram Kanyakumari','Tamil Nadu',NULL,8.101031,77.535739,NULL,NULL,NULL),
(1716,'Ponniamman Orathur Kancheepuram','Tamil Nadu',NULL,12.845111,80.034916,NULL,NULL,NULL),
(1717,'Vedagiri Uratchikottai Erode','Tamil Nadu',NULL,11.455009,77.686539,NULL,NULL,NULL),
(1718,'Kattu Mariamman Yelagiri Dharmapuri','Tamil Nadu',NULL,12.585520,78.634123,NULL,NULL,NULL),
(1719,'Marudhamalai Coimbatore','Tamil Nadu',NULL,11.035070,76.865875,NULL,NULL,NULL),
(1720,'Poyyur Ariyalur','Tamil Nadu',NULL,11.063796,79.110532,NULL,NULL,NULL),
(1721,'Vishnumurthi','Karnataka',NULL,14.489132,74.485386,NULL,NULL,NULL),
(1722,'Gramadevaru','Karnataka',NULL,14.806116,74.863146,NULL,NULL,NULL),
(1723,'Devasthanajaga','Karnataka',NULL,12.943105,77.737118,NULL,NULL,NULL),
(1724,'Bhagavathi','Karnataka',NULL,12.436344,75.731919,NULL,NULL,NULL),
(1725,'Bhadrakali','Karnataka',NULL,14.549365,74.323667,NULL,NULL,NULL),
(1726,'Devaranede','Karnataka',NULL,14.567020,74.351809,NULL,NULL,NULL),
(1727,'Punjurli','Karnataka',NULL,13.035265,74.949212,NULL,NULL,NULL),
(1728,'Kshstra','Karnataka',NULL,12.961729,78.112881,NULL,NULL,NULL),
(1729,'Ballavati','Karnataka',NULL,13.566913,75.794219,NULL,NULL,NULL),
(1730,'Devarabana','Karnataka',NULL,13.061921,75.538430,NULL,NULL,NULL),
(1731,'Bhagavathi','Karnataka',NULL,12.432898,75.730108,NULL,NULL,NULL),
(1732,'Chamundi','Karnataka',NULL,12.278004,76.670207,NULL,NULL,NULL),
(1733,'Avaandoru','Karnataka',NULL,17.336177,77.163112,NULL,NULL,NULL),
(1734,'Poovadi','Karnataka',NULL,15.788370,75.462696,NULL,NULL,NULL),
(1735,'Kabilara Hobethale','Tamil Nadu',NULL,11.147378,77.944290,NULL,NULL,NULL),
(1736,'Aiyyanthageri','Karnataka',NULL,12.288417,75.518683,NULL,NULL,NULL),
(1737,'MurthyDevi','Karnataka',NULL,12.695998,75.301793,NULL,NULL,NULL),
(1738,'Ayyappa Aivathoklu','Karnataka',NULL,12.693137,75.394236,NULL,NULL,NULL),
(1739,'Kolu Pabuji Nosar Jodhpur','Rajasthan',NULL,26.908160,73.853332,NULL,NULL,NULL),
(1740,'Mataji ki Vani Sakroda Udaipur','Rajasthan',NULL,24.568775,73.853332,NULL,NULL,NULL),
(1741,'Hanuman Mandir Ghasa Udaipur','Rajasthan',NULL,24.765979,73.837737,NULL,NULL,NULL),
(1742,'Arthanarishwar Temple Oda Udaipur','Rajasthan',NULL,24.371513,73.791294,NULL,NULL,NULL),
(1743,'Bheru ji ki Bani Kurad Tonk','Rajasthan',NULL,26.414223,75.244795,NULL,NULL,NULL),
(1744,'Kothapurinatham Pondicherry','Tamil Nadu',NULL,11.931065,79.672744,NULL,NULL,NULL),
(1745,'Edayarpalayam Pondicherry','Puducherry',NULL,11.875908,79.800294,NULL,NULL,NULL),
(1746,'Kanuvapet (Villianur) Pondicherry','Puducherry',NULL,11.905636,79.760143,NULL,NULL,NULL),
(1747,'Sembipalayam Pondicherry','Puducherry',NULL,11.884485,79.732069,NULL,NULL,NULL),
(1748,'Poraiyur Pondicherry','Puducherry',NULL,11.929895,79.747468,NULL,NULL,NULL),
(1749,'Odiyampattu Pondicherry','Puducherry',NULL,11.907910,79.777398,NULL,NULL,NULL),
(1750,'Kudiyiruppupalayam Pondicherry','Puducherry',NULL,11.820601,79.751935,NULL,NULL,NULL),
(1751,'Melparikkalpattu Pondicherry','Puducherry',NULL,11.793057,79.751987,NULL,NULL,NULL),
(1752,'Nettappakkam Pondicherry','Puducherry',NULL,11.864064,79.635676,NULL,NULL,NULL),
(1753,'Tollgate Kanniakoil Pondicherry','Puducherry',NULL,11.888825,79.800124,NULL,NULL,NULL),
(1754,'Adhai din ka Jhopra Anna Saga Ajmer','Rajasthan',NULL,26.469407,74.630650,NULL,NULL,NULL),
(1755,'Gopal Das Ji Ki Bani Alwar','Rajasthan',NULL,25.998025,72.730806,NULL,NULL,NULL),
(1756,'Bharu Nath Ki Devbani Bakthpura Alwar','Rajasthan',NULL,27.530452,76.524497,NULL,NULL,NULL),
(1757,'Viratra Kiaan Dhok Barmer','Rajasthan',NULL,25.480169,71.014903,NULL,NULL,NULL),
(1758,'Chawandmata KI Bani Hamirgarh Bhilwara','Rajasthan',NULL,25.189041,74.631243,NULL,NULL,NULL),
(1759,'Hanuman temple, Rayalacheruvu, Andhra Pradesh','Andhra Pradesh',NULL,15.059646,77.813404,NULL,NULL,NULL),
(1760,'Shri Charbhuja Temple Pushkar','Rajasthan',NULL,26.488723,74.541217,NULL,NULL,NULL),
(1761,'Shri Charbhuja Temple Pushkar','Rajasthan',NULL,26.476508,74.537269,NULL,NULL,NULL),
(1762,'Sri Bajrang BaliKishangarh','Rajasthan',NULL,26.605257,74.845104,NULL,NULL,NULL),
(1763,'Tuljha Mata ka Bihadmala Mala','Rajasthan',NULL,26.552034,75.081734,NULL,NULL,NULL),
(1764,'Charbhjua Devbani Bardani','Rajasthan',NULL,27.235857,74.536633,NULL,NULL,NULL),
(1765,'Jhaleri Ramdev oran Motawata','Rajasthan',NULL,27.950888,72.910358,NULL,NULL,NULL),
(1766,'Bherunath Ki Vani Kannoj','Rajasthan',NULL,24.756224,74.537880,NULL,NULL,NULL),
(1767,'Hanuman ji ki Bani Lalsot','Rajasthan',NULL,26.548427,76.315105,NULL,NULL,NULL),
(1768,'Kalu baba ki Devban Punana','Rajasthan',NULL,27.076700,75.542496,NULL,NULL,NULL),
(1769,'Bheru ji ka Baag Tamandiya','Rajasthan',NULL,26.541900,75.830278,NULL,NULL,NULL),
(1770,'Ramdev ji ka Oran Ramdevra','Rajasthan',NULL,27.006888,71.922791,NULL,NULL,NULL),
(1771,'Jameshwar Mahadeo Oran Sakar','Rajasthan',NULL,27.610526,75.157225,NULL,NULL,NULL),
(1772,'Dudharji Shipur','Rajasthan',NULL,26.801181,75.823498,NULL,NULL,NULL),
(1773,'Arthanarishwar Temple Oda','Rajasthan',NULL,25.035103,72.810864,NULL,NULL,NULL),
(1774,'Neelkanth Mahadev Bhinder','Rajasthan',NULL,24.509875,74.187326,NULL,NULL,NULL),
(1775,'Shrinath Mandir Udaipur','Rajasthan',NULL,24.590470,73.673968,NULL,NULL,NULL),
(1776,'Bhadariya oran Lathi Jaiselmer','Rajasthan',NULL,27.038316,71.519774,NULL,NULL,NULL),
(1777,'Charnai Mata, SukhMadhala, jodhpur','Rajasthan',NULL,26.788514,72.493231,NULL,NULL,NULL),
(1778,'Shankar ji ki Bani Khijuria','Rajasthan',NULL,27.097562,75.491738,NULL,NULL,NULL),
(1779,'Sawongbung Lairenbi','Manipur',NULL,24.870164,94.010617,NULL,NULL,NULL),
(1780,'Salam Leikai','Manipur',NULL,24.805155,93.930174,NULL,NULL,NULL),
(1781,'Sugunu Lokningthou','Manipur',NULL,24.293735,93.877809,NULL,NULL,NULL),
(1782,'Ebudhou Marjing','Manipur',NULL,24.876729,93.952651,NULL,NULL,NULL),
(1783,'Ebudhou Khamlangba','Manipur',NULL,24.786755,94.129095,NULL,NULL,NULL),
(1784,'Ebudhou Thangjing','Manipur',NULL,24.512138,93.775698,NULL,NULL,NULL),
(1785,'Ema Nongaleima','Manipur',NULL,24.702390,93.897663,NULL,NULL,NULL),
(1786,'Eputhou Nongsaba','Manipur',NULL,24.566950,93.907963,NULL,NULL,NULL),
(1787,'Lainingthou Ahanba','Manipur',NULL,24.827735,93.960244,NULL,NULL,NULL),
(1788,'Lainingthou Sanamahi','Manipur',NULL,24.689182,93.907083,NULL,NULL,NULL),
(1789,'Langol Lairenbi','Manipur',NULL,24.837576,93.904336,NULL,NULL,NULL),
(1790,'Mongba Hanba','Manipur',NULL,24.796215,93.943179,NULL,NULL,NULL),
(1791,'Nongmairembi laishang','Manipur',NULL,24.818311,93.985232,NULL,NULL,NULL),
(1792,'Nongpok Ningthou Ema Panthoibi Shanglen','Manipur',NULL,24.795827,93.962563,NULL,NULL,NULL);
/*!40000 ALTER TABLE `sg_app_sacredgrove` ENABLE KEYS */;
UNLOCK TABLES;
commit;
/*!40103 SET TIME_ZONE=@OLD_TIME_ZONE */;

/*!40101 SET SQL_MODE=@OLD_SQL_MODE */;
/*!40014 SET FOREIGN_KEY_CHECKS=@OLD_FOREIGN_KEY_CHECKS */;
/*!40014 SET UNIQUE_CHECKS=@OLD_UNIQUE_CHECKS */;
/*!40101 SET CHARACTER_SET_CLIENT=@OLD_CHARACTER_SET_CLIENT */;
/*!40101 SET CHARACTER_SET_RESULTS=@OLD_CHARACTER_SET_RESULTS */;
/*!40101 SET COLLATION_CONNECTION=@OLD_COLLATION_CONNECTION */;
/*M!100616 SET NOTE_VERBOSITY=@OLD_NOTE_VERBOSITY */;

-- Dump completed on 2025-07-02 14:20:21
